[
	{
		"Year": 2012,
		"State": "ALABAMA",
		"TotalPopulation": 3594,
		"TotalCitizen": 3479,
		"TotalRegistered": 2556,
		"TotalVoted": 2154,
		"HispanicPopulation": 107,
		"HispanicCitizen": 35,
		"HispanicRegistered": 12,
		"HispanicVoted": 0,
		"PercentHispanicPopulation": 0.029771841958820256,
		"PercentHispanicRegistered": 0.004694835680751174,
		"PercentHispanicVoted": 0
	},
	{
		"Year": 2012,
		"State": "ALASKA",
		"TotalPopulation": 516,
		"TotalCitizen": 495,
		"TotalRegistered": 361,
		"TotalVoted": 289,
		"HispanicPopulation": 23,
		"HispanicCitizen": 18,
		"HispanicRegistered": 10,
		"HispanicVoted": 7,
		"PercentHispanicPopulation": 0.044573643410852716,
		"PercentHispanicRegistered": 0.027700831024930747,
		"PercentHispanicVoted": 0.02422145328719723
	},
	{
		"Year": 2012,
		"State": "ARIZONA",
		"TotalPopulation": 4863,
		"TotalCitizen": 4314,
		"TotalRegistered": 2812,
		"TotalVoted": 2412,
		"HispanicPopulation": 1396,
		"HispanicCitizen": 989,
		"HispanicRegistered": 516,
		"HispanicVoted": 400,
		"PercentHispanicPopulation": 0.2870655973678799,
		"PercentHispanicRegistered": 0.18349928876244664,
		"PercentHispanicVoted": 0.16583747927031509
	},
	{
		"Year": 2012,
		"State": "ARKANSAS",
		"TotalPopulation": 2198,
		"TotalCitizen": 2109,
		"TotalRegistered": 1376,
		"TotalVoted": 1124,
		"HispanicPopulation": 143,
		"HispanicCitizen": 73,
		"HispanicRegistered": 16,
		"HispanicVoted": 14,
		"PercentHispanicPopulation": 0.06505914467697907,
		"PercentHispanicRegistered": 0.011627906976744186,
		"PercentHispanicVoted": 0.012455516014234875
	},
	{
		"Year": 2012,
		"State": "CALIFORNIA",
		"TotalPopulation": 28357,
		"TotalCitizen": 23419,
		"TotalRegistered": 15356,
		"TotalVoted": 13462,
		"HispanicPopulation": 9935,
		"HispanicCitizen": 6510,
		"HispanicRegistered": 3684,
		"HispanicVoted": 3157,
		"PercentHispanicPopulation": 0.35035440984589344,
		"PercentHispanicRegistered": 0.23990622557957803,
		"PercentHispanicVoted": 0.2345119595899569
	},
	{
		"Year": 2012,
		"State": "COLORADO",
		"TotalPopulation": 3817,
		"TotalCitizen": 3544,
		"TotalRegistered": 2635,
		"TotalVoted": 2495,
		"HispanicPopulation": 681,
		"HispanicCitizen": 497,
		"HispanicRegistered": 284,
		"HispanicVoted": 259,
		"PercentHispanicPopulation": 0.17841236573225047,
		"PercentHispanicRegistered": 0.10777988614800758,
		"PercentHispanicVoted": 0.10380761523046092
	},
	{
		"Year": 2012,
		"State": "CONNECTICUT",
		"TotalPopulation": 2726,
		"TotalCitizen": 2499,
		"TotalRegistered": 1760,
		"TotalVoted": 1568,
		"HispanicPopulation": 292,
		"HispanicCitizen": 220,
		"HispanicRegistered": 127,
		"HispanicVoted": 103,
		"PercentHispanicPopulation": 0.10711665443873808,
		"PercentHispanicRegistered": 0.07215909090909091,
		"PercentHispanicVoted": 0.06568877551020408
	},
	{
		"Year": 2012,
		"State": "DELAWARE",
		"TotalPopulation": 693,
		"TotalCitizen": 641,
		"TotalRegistered": 470,
		"TotalVoted": 431,
		"HispanicPopulation": 56,
		"HispanicCitizen": 24,
		"HispanicRegistered": 11,
		"HispanicVoted": 10,
		"PercentHispanicPopulation": 0.08080808080808081,
		"PercentHispanicRegistered": 0.023404255319148935,
		"PercentHispanicVoted": 0.02320185614849188
	},
	{
		"Year": 2012,
		"State": "DISTRICT OF COLUMBIA",
		"TotalPopulation": 517,
		"TotalCitizen": 461,
		"TotalRegistered": 385,
		"TotalVoted": 350,
		"HispanicPopulation": 48,
		"HispanicCitizen": 19,
		"HispanicRegistered": 14,
		"HispanicVoted": 13,
		"PercentHispanicPopulation": 0.09284332688588008,
		"PercentHispanicRegistered": 0.03636363636363636,
		"PercentHispanicVoted": 0.037142857142857144
	},
	{
		"Year": 2012,
		"State": "FLORIDA",
		"TotalPopulation": 15034,
		"TotalCitizen": 13326,
		"TotalRegistered": 9102,
		"TotalVoted": 8107,
		"HispanicPopulation": 3349,
		"HispanicCitizen": 2250,
		"HispanicRegistered": 1622,
		"HispanicVoted": 1399,
		"PercentHispanicPopulation": 0.22276174005587335,
		"PercentHispanicRegistered": 0.17820259283673917,
		"PercentHispanicVoted": 0.1725669174787221
	},
	{
		"Year": 2012,
		"State": "GEORGIA",
		"TotalPopulation": 7179,
		"TotalCitizen": 6738,
		"TotalRegistered": 4767,
		"TotalVoted": 4168,
		"HispanicPopulation": 489,
		"HispanicCitizen": 238,
		"HispanicRegistered": 140,
		"HispanicVoted": 114,
		"PercentHispanicPopulation": 0.06811533639782699,
		"PercentHispanicRegistered": 0.02936857562408223,
		"PercentHispanicVoted": 0.027351247600767754
	},
	{
		"Year": 2012,
		"State": "HAWAII",
		"TotalPopulation": 1013,
		"TotalCitizen": 930,
		"TotalRegistered": 547,
		"TotalVoted": 480,
		"HispanicPopulation": 81,
		"HispanicCitizen": 73,
		"HispanicRegistered": 33,
		"HispanicVoted": 25,
		"PercentHispanicPopulation": 0.07996051332675222,
		"PercentHispanicRegistered": 0.0603290676416819,
		"PercentHispanicVoted": 0.052083333333333336
	},
	{
		"Year": 2012,
		"State": "IDAHO",
		"TotalPopulation": 1129,
		"TotalCitizen": 1064,
		"TotalRegistered": 745,
		"TotalVoted": 679,
		"HispanicPopulation": 119,
		"HispanicCitizen": 68,
		"HispanicRegistered": 35,
		"HispanicVoted": 27,
		"PercentHispanicPopulation": 0.1054030115146147,
		"PercentHispanicRegistered": 0.04697986577181208,
		"PercentHispanicVoted": 0.039764359351988215
	},
	{
		"Year": 2012,
		"State": "ILLINOIS",
		"TotalPopulation": 9651,
		"TotalCitizen": 8831,
		"TotalRegistered": 6425,
		"TotalVoted": 5428,
		"HispanicPopulation": 1200,
		"HispanicCitizen": 770,
		"HispanicRegistered": 415,
		"HispanicVoted": 295,
		"PercentHispanicPopulation": 0.12433944668946223,
		"PercentHispanicRegistered": 0.06459143968871596,
		"PercentHispanicVoted": 0.05434782608695652
	},
	{
		"Year": 2012,
		"State": "INDIANA",
		"TotalPopulation": 4852,
		"TotalCitizen": 4724,
		"TotalRegistered": 3270,
		"TotalVoted": 2801,
		"HispanicPopulation": 184,
		"HispanicCitizen": 118,
		"HispanicRegistered": 71,
		"HispanicVoted": 49,
		"PercentHispanicPopulation": 0.03792250618301731,
		"PercentHispanicRegistered": 0.021712538226299694,
		"PercentHispanicVoted": 0.017493752231345947
	},
	{
		"Year": 2012,
		"State": "IOWA",
		"TotalPopulation": 2320,
		"TotalCitizen": 2232,
		"TotalRegistered": 1745,
		"TotalVoted": 1548,
		"HispanicPopulation": 120,
		"HispanicCitizen": 71,
		"HispanicRegistered": 32,
		"HispanicVoted": 30,
		"PercentHispanicPopulation": 0.05172413793103448,
		"PercentHispanicRegistered": 0.01833810888252149,
		"PercentHispanicVoted": 0.01937984496124031
	},
	{
		"Year": 2012,
		"State": "KANSAS",
		"TotalPopulation": 2120,
		"TotalCitizen": 1973,
		"TotalRegistered": 1467,
		"TotalVoted": 1249,
		"HispanicPopulation": 197,
		"HispanicCitizen": 108,
		"HispanicRegistered": 54,
		"HispanicVoted": 33,
		"PercentHispanicPopulation": 0.09292452830188679,
		"PercentHispanicRegistered": 0.03680981595092025,
		"PercentHispanicVoted": 0.02642113690952762
	},
	{
		"Year": 2012,
		"State": "KENTUCKY",
		"TotalPopulation": 3291,
		"TotalCitizen": 3194,
		"TotalRegistered": 2303,
		"TotalVoted": 1895,
		"HispanicPopulation": 82,
		"HispanicCitizen": 34,
		"HispanicRegistered": 20,
		"HispanicVoted": 13,
		"PercentHispanicPopulation": 0.0249164387724096,
		"PercentHispanicRegistered": 0.008684324793747287,
		"PercentHispanicVoted": 0.006860158311345646
	},
	{
		"Year": 2012,
		"State": "LOUISIANA",
		"TotalPopulation": 3321,
		"TotalCitizen": 3239,
		"TotalRegistered": 2498,
		"TotalVoted": 2148,
		"HispanicPopulation": 125,
		"HispanicCitizen": 70,
		"HispanicRegistered": 57,
		"HispanicVoted": 48,
		"PercentHispanicPopulation": 0.037639265281541705,
		"PercentHispanicRegistered": 0.022818254603682947,
		"PercentHispanicVoted": 0.0223463687150838
	},
	{
		"Year": 2012,
		"State": "MAINE",
		"TotalPopulation": 1042,
		"TotalCitizen": 1020,
		"TotalRegistered": 787,
		"TotalVoted": 700,
		"HispanicPopulation": 10,
		"HispanicCitizen": 7,
		"HispanicRegistered": 4,
		"HispanicVoted": 4,
		"PercentHispanicPopulation": 0.009596928982725527,
		"PercentHispanicRegistered": 0.005082592121982211,
		"PercentHispanicVoted": 0.005714285714285714
	},
	{
		"Year": 2012,
		"State": "MARYLAND",
		"TotalPopulation": 4449,
		"TotalCitizen": 4007,
		"TotalRegistered": 2888,
		"TotalVoted": 2609,
		"HispanicPopulation": 342,
		"HispanicCitizen": 176,
		"HispanicRegistered": 115,
		"HispanicVoted": 103,
		"PercentHispanicPopulation": 0.07687120701281187,
		"PercentHispanicRegistered": 0.03981994459833795,
		"PercentHispanicVoted": 0.03947872748179379
	},
	{
		"Year": 2012,
		"State": "MASSACHUSETTS",
		"TotalPopulation": 5170,
		"TotalCitizen": 4774,
		"TotalRegistered": 3759,
		"TotalVoted": 3382,
		"HispanicPopulation": 453,
		"HispanicCitizen": 322,
		"HispanicRegistered": 216,
		"HispanicVoted": 202,
		"PercentHispanicPopulation": 0.08762088974854933,
		"PercentHispanicRegistered": 0.05746209098164405,
		"PercentHispanicVoted": 0.05972797161442933
	},
	{
		"Year": 2012,
		"State": "MICHIGAN",
		"TotalPopulation": 7496,
		"TotalCitizen": 7228,
		"TotalRegistered": 5620,
		"TotalVoted": 4832,
		"HispanicPopulation": 285,
		"HispanicCitizen": 225,
		"HispanicRegistered": 193,
		"HispanicVoted": 158,
		"PercentHispanicPopulation": 0.038020277481323375,
		"PercentHispanicRegistered": 0.034341637010676156,
		"PercentHispanicVoted": 0.03269867549668874
	},
	{
		"Year": 2012,
		"State": "MINNESOTA",
		"TotalPopulation": 4055,
		"TotalCitizen": 3903,
		"TotalRegistered": 3085,
		"TotalVoted": 2859,
		"HispanicPopulation": 136,
		"HispanicCitizen": 96,
		"HispanicRegistered": 54,
		"HispanicVoted": 44,
		"PercentHispanicPopulation": 0.03353884093711467,
		"PercentHispanicRegistered": 0.017504051863857374,
		"PercentHispanicVoted": 0.015389996502273523
	},
	{
		"Year": 2012,
		"State": "MISSISSIPPI",
		"TotalPopulation": 2166,
		"TotalCitizen": 2130,
		"TotalRegistered": 1794,
		"TotalVoted": 1588,
		"HispanicPopulation": 35,
		"HispanicCitizen": 17,
		"HispanicRegistered": 5,
		"HispanicVoted": 2,
		"PercentHispanicPopulation": 0.016158818097876268,
		"PercentHispanicRegistered": 0.002787068004459309,
		"PercentHispanicVoted": 0.0012594458438287153
	},
	{
		"Year": 2012,
		"State": "MISSOURI",
		"TotalPopulation": 4521,
		"TotalCitizen": 4409,
		"TotalRegistered": 3384,
		"TotalVoted": 2818,
		"HispanicPopulation": 140,
		"HispanicCitizen": 104,
		"HispanicRegistered": 71,
		"HispanicVoted": 63,
		"PercentHispanicPopulation": 0.030966600309666,
		"PercentHispanicRegistered": 0.02098108747044917,
		"PercentHispanicVoted": 0.022356281050390347
	},
	{
		"Year": 2012,
		"State": "MONTANA",
		"TotalPopulation": 768,
		"TotalCitizen": 754,
		"TotalRegistered": 553,
		"TotalVoted": 495,
		"HispanicPopulation": 15,
		"HispanicCitizen": 13,
		"HispanicRegistered": 8,
		"HispanicVoted": 7,
		"PercentHispanicPopulation": 0.01953125,
		"PercentHispanicRegistered": 0.014466546112115732,
		"PercentHispanicVoted": 0.014141414141414142
	},
	{
		"Year": 2012,
		"State": "NEBRASKA",
		"TotalPopulation": 1371,
		"TotalCitizen": 1296,
		"TotalRegistered": 901,
		"TotalVoted": 798,
		"HispanicPopulation": 110,
		"HispanicCitizen": 64,
		"HispanicRegistered": 27,
		"HispanicVoted": 21,
		"PercentHispanicPopulation": 0.08023340627279359,
		"PercentHispanicRegistered": 0.029966703662597113,
		"PercentHispanicVoted": 0.02631578947368421
	},
	{
		"Year": 2012,
		"State": "NEVADA",
		"TotalPopulation": 2039,
		"TotalCitizen": 1808,
		"TotalRegistered": 1176,
		"TotalVoted": 1048,
		"HispanicPopulation": 464,
		"HispanicCitizen": 302,
		"HispanicRegistered": 181,
		"HispanicVoted": 157,
		"PercentHispanicPopulation": 0.22756253065228052,
		"PercentHispanicRegistered": 0.15391156462585034,
		"PercentHispanicVoted": 0.14980916030534353
	},
	{
		"Year": 2012,
		"State": "NEW HAMPSHIRE",
		"TotalPopulation": 1028,
		"TotalCitizen": 991,
		"TotalRegistered": 752,
		"TotalVoted": 688,
		"HispanicPopulation": 29,
		"HispanicCitizen": 23,
		"HispanicRegistered": 15,
		"HispanicVoted": 15,
		"PercentHispanicPopulation": 0.02821011673151751,
		"PercentHispanicRegistered": 0.0199468085106383,
		"PercentHispanicVoted": 0.02180232558139535
	},
	{
		"Year": 2012,
		"State": "NEW JERSEY",
		"TotalPopulation": 6730,
		"TotalCitizen": 5929,
		"TotalRegistered": 4326,
		"TotalVoted": 3670,
		"HispanicPopulation": 1170,
		"HispanicCitizen": 773,
		"HispanicRegistered": 468,
		"HispanicVoted": 395,
		"PercentHispanicPopulation": 0.1738484398216939,
		"PercentHispanicRegistered": 0.10818307905686546,
		"PercentHispanicVoted": 0.10762942779291552
	},
	{
		"Year": 2012,
		"State": "NEW MEXICO",
		"TotalPopulation": 1553,
		"TotalCitizen": 1426,
		"TotalRegistered": 978,
		"TotalVoted": 878,
		"HispanicPopulation": 624,
		"HispanicCitizen": 544,
		"HispanicRegistered": 349,
		"HispanicVoted": 306,
		"PercentHispanicPopulation": 0.40180296200901483,
		"PercentHispanicRegistered": 0.35685071574642124,
		"PercentHispanicVoted": 0.34851936218678814
	},
	{
		"Year": 2012,
		"State": "NEW YORK",
		"TotalPopulation": 15066,
		"TotalCitizen": 13082,
		"TotalRegistered": 8887,
		"TotalVoted": 7675,
		"HispanicPopulation": 2363,
		"HispanicCitizen": 1548,
		"HispanicRegistered": 983,
		"HispanicVoted": 835,
		"PercentHispanicPopulation": 0.15684322315146687,
		"PercentHispanicRegistered": 0.11061100483852819,
		"PercentHispanicVoted": 0.10879478827361563
	},
	{
		"Year": 2012,
		"State": "NORTH CAROLINA",
		"TotalPopulation": 7265,
		"TotalCitizen": 6712,
		"TotalRegistered": 5295,
		"TotalVoted": 4624,
		"HispanicPopulation": 603,
		"HispanicCitizen": 169,
		"HispanicRegistered": 115,
		"HispanicVoted": 95,
		"PercentHispanicPopulation": 0.08300068823124569,
		"PercentHispanicRegistered": 0.021718602455146365,
		"PercentHispanicVoted": 0.020544982698961937
	},
	{
		"Year": 2012,
		"State": "NORTH DAKOTA",
		"TotalPopulation": 528,
		"TotalCitizen": 514,
		"TotalRegistered": 383,
		"TotalVoted": 328,
		"HispanicPopulation": 16,
		"HispanicCitizen": 14,
		"HispanicRegistered": 7,
		"HispanicVoted": 6,
		"PercentHispanicPopulation": 0.030303030303030304,
		"PercentHispanicRegistered": 0.018276762402088774,
		"PercentHispanicVoted": 0.018292682926829267
	},
	{
		"Year": 2012,
		"State": "OHIO",
		"TotalPopulation": 8750,
		"TotalCitizen": 8550,
		"TotalRegistered": 6076,
		"TotalVoted": 5395,
		"HispanicPopulation": 252,
		"HispanicCitizen": 173,
		"HispanicRegistered": 116,
		"HispanicVoted": 98,
		"PercentHispanicPopulation": 0.0288,
		"PercentHispanicRegistered": 0.019091507570770244,
		"PercentHispanicVoted": 0.018164967562557924
	},
	{
		"Year": 2012,
		"State": "OKLAHOMA",
		"TotalPopulation": 2808,
		"TotalCitizen": 2733,
		"TotalRegistered": 1806,
		"TotalVoted": 1431,
		"HispanicPopulation": 174,
		"HispanicCitizen": 127,
		"HispanicRegistered": 53,
		"HispanicVoted": 36,
		"PercentHispanicPopulation": 0.06196581196581197,
		"PercentHispanicRegistered": 0.029346622369878183,
		"PercentHispanicVoted": 0.025157232704402517
	},
	{
		"Year": 2012,
		"State": "OREGON",
		"TotalPopulation": 2998,
		"TotalCitizen": 2806,
		"TotalRegistered": 2086,
		"TotalVoted": 1897,
		"HispanicPopulation": 226,
		"HispanicCitizen": 121,
		"HispanicRegistered": 69,
		"HispanicVoted": 60,
		"PercentHispanicPopulation": 0.07538358905937291,
		"PercentHispanicRegistered": 0.03307766059443912,
		"PercentHispanicVoted": 0.0316288877174486
	},
	{
		"Year": 2012,
		"State": "PENNSYLVANIA",
		"TotalPopulation": 9847,
		"TotalCitizen": 9452,
		"TotalRegistered": 6795,
		"TotalVoted": 5824,
		"HispanicPopulation": 501,
		"HispanicCitizen": 407,
		"HispanicRegistered": 225,
		"HispanicVoted": 184,
		"PercentHispanicPopulation": 0.05087844013405098,
		"PercentHispanicRegistered": 0.033112582781456956,
		"PercentHispanicVoted": 0.03159340659340659
	},
	{
		"Year": 2012,
		"State": "RHODE ISLAND",
		"TotalPopulation": 817,
		"TotalCitizen": 751,
		"TotalRegistered": 552,
		"TotalVoted": 469,
		"HispanicPopulation": 95,
		"HispanicCitizen": 57,
		"HispanicRegistered": 37,
		"HispanicVoted": 32,
		"PercentHispanicPopulation": 0.11627906976744186,
		"PercentHispanicRegistered": 0.06702898550724638,
		"PercentHispanicVoted": 0.06823027718550106
	},
	{
		"Year": 2012,
		"State": "SOUTH CAROLINA",
		"TotalPopulation": 3516,
		"TotalCitizen": 3380,
		"TotalRegistered": 2479,
		"TotalVoted": 2187,
		"HispanicPopulation": 114,
		"HispanicCitizen": 37,
		"HispanicRegistered": 21,
		"HispanicVoted": 16,
		"PercentHispanicPopulation": 0.032423208191126277,
		"PercentHispanicRegistered": 0.008471157724889069,
		"PercentHispanicVoted": 0.007315957933241884
	},
	{
		"Year": 2012,
		"State": "SOUTH DAKOTA",
		"TotalPopulation": 616,
		"TotalCitizen": 607,
		"TotalRegistered": 454,
		"TotalVoted": 370,
		"HispanicPopulation": 16,
		"HispanicCitizen": 13,
		"HispanicRegistered": 6,
		"HispanicVoted": 3,
		"PercentHispanicPopulation": 0.025974025974025976,
		"PercentHispanicRegistered": 0.013215859030837005,
		"PercentHispanicVoted": 0.008108108108108109
	},
	{
		"Year": 2012,
		"State": "TENNESSEE",
		"TotalPopulation": 4849,
		"TotalCitizen": 4678,
		"TotalRegistered": 3210,
		"TotalVoted": 2606,
		"HispanicPopulation": 241,
		"HispanicCitizen": 134,
		"HispanicRegistered": 107,
		"HispanicVoted": 84,
		"PercentHispanicPopulation": 0.049700969272014846,
		"PercentHispanicRegistered": 0.03333333333333333,
		"PercentHispanicVoted": 0.03223330775134305
	},
	{
		"Year": 2012,
		"State": "TEXAS",
		"TotalPopulation": 18642,
		"TotalCitizen": 16062,
		"TotalRegistered": 10749,
		"TotalVoted": 8643,
		"HispanicPopulation": 6831,
		"HispanicCitizen": 4867,
		"HispanicRegistered": 2652,
		"HispanicVoted": 1890,
		"PercentHispanicPopulation": 0.3664306404892179,
		"PercentHispanicRegistered": 0.24672062517443483,
		"PercentHispanicVoted": 0.21867407150295037
	},
	{
		"Year": 2012,
		"State": "UTAH",
		"TotalPopulation": 1917,
		"TotalCitizen": 1793,
		"TotalRegistered": 1138,
		"TotalVoted": 1022,
		"HispanicPopulation": 233,
		"HispanicCitizen": 151,
		"HispanicRegistered": 61,
		"HispanicVoted": 49,
		"PercentHispanicPopulation": 0.12154407929055816,
		"PercentHispanicRegistered": 0.05360281195079086,
		"PercentHispanicVoted": 0.04794520547945205
	},
	{
		"Year": 2012,
		"State": "VERMONT",
		"TotalPopulation": 496,
		"TotalCitizen": 487,
		"TotalRegistered": 357,
		"TotalVoted": 308,
		"HispanicPopulation": 6,
		"HispanicCitizen": 5,
		"HispanicRegistered": 3,
		"HispanicVoted": 3,
		"PercentHispanicPopulation": 0.012096774193548387,
		"PercentHispanicRegistered": 0.008403361344537815,
		"PercentHispanicVoted": 0.00974025974025974
	},
	{
		"Year": 2012,
		"State": "VIRGINIA",
		"TotalPopulation": 6094,
		"TotalCitizen": 5645,
		"TotalRegistered": 4210,
		"TotalVoted": 3778,
		"HispanicPopulation": 375,
		"HispanicCitizen": 154,
		"HispanicRegistered": 114,
		"HispanicVoted": 103,
		"PercentHispanicPopulation": 0.06153593698720052,
		"PercentHispanicRegistered": 0.027078384798099764,
		"PercentHispanicVoted": 0.02726310217046056
	},
	{
		"Year": 2012,
		"State": "WASHINGTON",
		"TotalPopulation": 5230,
		"TotalCitizen": 4832,
		"TotalRegistered": 3533,
		"TotalVoted": 3172,
		"HispanicPopulation": 460,
		"HispanicCitizen": 298,
		"HispanicRegistered": 172,
		"HispanicVoted": 139,
		"PercentHispanicPopulation": 0.08795411089866156,
		"PercentHispanicRegistered": 0.048683838097933765,
		"PercentHispanicVoted": 0.04382093316519546
	},
	{
		"Year": 2012,
		"State": "WEST VIRGINIA",
		"TotalPopulation": 1452,
		"TotalCitizen": 1442,
		"TotalRegistered": 982,
		"TotalVoted": 690,
		"HispanicPopulation": 14,
		"HispanicCitizen": 13,
		"HispanicRegistered": 8,
		"HispanicVoted": 4,
		"PercentHispanicPopulation": 0.009641873278236915,
		"PercentHispanicRegistered": 0.008146639511201629,
		"PercentHispanicVoted": 0.005797101449275362
	},
	{
		"Year": 2012,
		"State": "WISCONSIN",
		"TotalPopulation": 4352,
		"TotalCitizen": 4247,
		"TotalRegistered": 3318,
		"TotalVoted": 3127,
		"HispanicPopulation": 214,
		"HispanicCitizen": 163,
		"HispanicRegistered": 76,
		"HispanicVoted": 71,
		"PercentHispanicPopulation": 0.04917279411764706,
		"PercentHispanicRegistered": 0.022905364677516575,
		"PercentHispanicVoted": 0.0227054685001599
	},
	{
		"Year": 2012,
		"State": "WYOMING",
		"TotalPopulation": 427,
		"TotalCitizen": 419,
		"TotalRegistered": 268,
		"TotalVoted": 247,
		"HispanicPopulation": 32,
		"HispanicCitizen": 27,
		"HispanicRegistered": 10,
		"HispanicVoted": 8,
		"PercentHispanicPopulation": 0.07494145199063232,
		"PercentHispanicRegistered": 0.03731343283582089,
		"PercentHispanicVoted": 0.032388663967611336
	},
	{
		"Year": 2010,
		"State": "ALABAMA",
		"TotalPopulation": 3526,
		"TotalCitizen": 3420,
		"TotalRegistered": 2224,
		"TotalVoted": 1509,
		"HispanicPopulation": 142,
		"HispanicCitizen": 65,
		"HispanicRegistered": 34,
		"HispanicVoted": 14,
		"PercentHispanicPopulation": 0.04027226318774816,
		"PercentHispanicRegistered": 0.015287769784172662,
		"PercentHispanicVoted": 0.00927766732935719
	},
	{
		"Year": 2010,
		"State": "ALASKA",
		"TotalPopulation": 498,
		"TotalCitizen": 478,
		"TotalRegistered": 317,
		"TotalVoted": 242,
		"HispanicPopulation": 23,
		"HispanicCitizen": 20,
		"HispanicRegistered": 10,
		"HispanicVoted": 7,
		"PercentHispanicPopulation": 0.04618473895582329,
		"PercentHispanicRegistered": 0.031545741324921134,
		"PercentHispanicVoted": 0.028925619834710745
	},
	{
		"Year": 2010,
		"State": "ARIZONA",
		"TotalPopulation": 4831,
		"TotalCitizen": 4443,
		"TotalRegistered": 2934,
		"TotalVoted": 2170,
		"HispanicPopulation": 1389,
		"HispanicCitizen": 1061,
		"HispanicRegistered": 610,
		"HispanicVoted": 407,
		"PercentHispanicPopulation": 0.2875181121920927,
		"PercentHispanicRegistered": 0.20790729379686435,
		"PercentHispanicVoted": 0.18755760368663593
	},
	{
		"Year": 2010,
		"State": "ARKANSAS",
		"TotalPopulation": 2140,
		"TotalCitizen": 2068,
		"TotalRegistered": 1256,
		"TotalVoted": 841,
		"HispanicPopulation": 83,
		"HispanicCitizen": 48,
		"HispanicRegistered": 14,
		"HispanicVoted": 10,
		"PercentHispanicPopulation": 0.03878504672897196,
		"PercentHispanicRegistered": 0.011146496815286623,
		"PercentHispanicVoted": 0.011890606420927468
	},
	{
		"Year": 2010,
		"State": "CALIFORNIA",
		"TotalPopulation": 27381,
		"TotalCitizen": 22767,
		"TotalRegistered": 13864,
		"TotalVoted": 10725,
		"HispanicPopulation": 9004,
		"HispanicCitizen": 5816,
		"HispanicRegistered": 3025,
		"HispanicVoted": 2058,
		"PercentHispanicPopulation": 0.32884116723275264,
		"PercentHispanicRegistered": 0.21819099826889787,
		"PercentHispanicVoted": 0.1918881118881119
	},
	{
		"Year": 2010,
		"State": "COLORADO",
		"TotalPopulation": 3768,
		"TotalCitizen": 3473,
		"TotalRegistered": 2299,
		"TotalVoted": 1826,
		"HispanicPopulation": 629,
		"HispanicCitizen": 455,
		"HispanicRegistered": 214,
		"HispanicVoted": 144,
		"PercentHispanicPopulation": 0.166932059447983,
		"PercentHispanicRegistered": 0.09308394954327968,
		"PercentHispanicVoted": 0.07886089813800658
	},
	{
		"Year": 2010,
		"State": "CONNECTICUT",
		"TotalPopulation": 2648,
		"TotalCitizen": 2463,
		"TotalRegistered": 1641,
		"TotalVoted": 1215,
		"HispanicPopulation": 243,
		"HispanicCitizen": 197,
		"HispanicRegistered": 111,
		"HispanicVoted": 56,
		"PercentHispanicPopulation": 0.09176737160120846,
		"PercentHispanicRegistered": 0.06764168190127971,
		"PercentHispanicVoted": 0.04609053497942387
	},
	{
		"Year": 2010,
		"State": "DELAWARE",
		"TotalPopulation": 667,
		"TotalCitizen": 634,
		"TotalRegistered": 418,
		"TotalVoted": 323,
		"HispanicPopulation": 40,
		"HispanicCitizen": 19,
		"HispanicRegistered": 9,
		"HispanicVoted": 6,
		"PercentHispanicPopulation": 0.05997001499250375,
		"PercentHispanicRegistered": 0.0215311004784689,
		"PercentHispanicVoted": 0.018575851393188854
	},
	{
		"Year": 2010,
		"State": "DISTRICT OF COLUMBIA",
		"TotalPopulation": 489,
		"TotalCitizen": 441,
		"TotalRegistered": 295,
		"TotalVoted": 200,
		"HispanicPopulation": 45,
		"HispanicCitizen": 23,
		"HispanicRegistered": 12,
		"HispanicVoted": 8,
		"PercentHispanicPopulation": 0.09202453987730061,
		"PercentHispanicRegistered": 0.04067796610169491,
		"PercentHispanicVoted": 0.04
	},
	{
		"Year": 2010,
		"State": "FLORIDA",
		"TotalPopulation": 14227,
		"TotalCitizen": 12697,
		"TotalRegistered": 7994,
		"TotalVoted": 5572,
		"HispanicPopulation": 2962,
		"HispanicCitizen": 2100,
		"HispanicRegistered": 1239,
		"HispanicVoted": 863,
		"PercentHispanicPopulation": 0.20819568426231813,
		"PercentHispanicRegistered": 0.15499124343257442,
		"PercentHispanicVoted": 0.15488155061019382
	},
	{
		"Year": 2010,
		"State": "GEORGIA",
		"TotalPopulation": 7119,
		"TotalCitizen": 6574,
		"TotalRegistered": 4076,
		"TotalVoted": 2865,
		"HispanicPopulation": 519,
		"HispanicCitizen": 194,
		"HispanicRegistered": 77,
		"HispanicVoted": 46,
		"PercentHispanicPopulation": 0.07290349768225875,
		"PercentHispanicRegistered": 0.018891069676153092,
		"PercentHispanicVoted": 0.01605584642233857
	},
	{
		"Year": 2010,
		"State": "HAWAII",
		"TotalPopulation": 965,
		"TotalCitizen": 892,
		"TotalRegistered": 466,
		"TotalVoted": 385,
		"HispanicPopulation": 85,
		"HispanicCitizen": 77,
		"HispanicRegistered": 39,
		"HispanicVoted": 27,
		"PercentHispanicPopulation": 0.08808290155440414,
		"PercentHispanicRegistered": 0.08369098712446352,
		"PercentHispanicVoted": 0.07012987012987013
	},
	{
		"Year": 2010,
		"State": "IDAHO",
		"TotalPopulation": 1114,
		"TotalCitizen": 1048,
		"TotalRegistered": 666,
		"TotalVoted": 498,
		"HispanicPopulation": 100,
		"HispanicCitizen": 61,
		"HispanicRegistered": 17,
		"HispanicVoted": 9,
		"PercentHispanicPopulation": 0.08976660682226212,
		"PercentHispanicRegistered": 0.025525525525525526,
		"PercentHispanicVoted": 0.018072289156626505
	},
	{
		"Year": 2010,
		"State": "ILLINOIS",
		"TotalPopulation": 9619,
		"TotalCitizen": 8780,
		"TotalRegistered": 5823,
		"TotalVoted": 3994,
		"HispanicPopulation": 1220,
		"HispanicCitizen": 749,
		"HispanicRegistered": 388,
		"HispanicVoted": 241,
		"PercentHispanicPopulation": 0.1268323110510448,
		"PercentHispanicRegistered": 0.06663232010990898,
		"PercentHispanicVoted": 0.06034051076614922
	},
	{
		"Year": 2010,
		"State": "INDIANA",
		"TotalPopulation": 4777,
		"TotalCitizen": 4638,
		"TotalRegistered": 2838,
		"TotalVoted": 1826,
		"HispanicPopulation": 195,
		"HispanicCitizen": 102,
		"HispanicRegistered": 33,
		"HispanicVoted": 19,
		"PercentHispanicPopulation": 0.0408205987021143,
		"PercentHispanicRegistered": 0.011627906976744186,
		"PercentHispanicVoted": 0.0104052573932092
	},
	{
		"Year": 2010,
		"State": "IOWA",
		"TotalPopulation": 2278,
		"TotalCitizen": 2185,
		"TotalRegistered": 1547,
		"TotalVoted": 1143,
		"HispanicPopulation": 96,
		"HispanicCitizen": 38,
		"HispanicRegistered": 15,
		"HispanicVoted": 10,
		"PercentHispanicPopulation": 0.04214223002633889,
		"PercentHispanicRegistered": 0.009696186166774402,
		"PercentHispanicVoted": 0.008748906386701663
	},
	{
		"Year": 2010,
		"State": "KANSAS",
		"TotalPopulation": 2059,
		"TotalCitizen": 1971,
		"TotalRegistered": 1349,
		"TotalVoted": 931,
		"HispanicPopulation": 125,
		"HispanicCitizen": 68,
		"HispanicRegistered": 45,
		"HispanicVoted": 20,
		"PercentHispanicPopulation": 0.06070908207867897,
		"PercentHispanicRegistered": 0.033358042994810974,
		"PercentHispanicVoted": 0.021482277121374866
	},
	{
		"Year": 2010,
		"State": "KENTUCKY",
		"TotalPopulation": 3250,
		"TotalCitizen": 3158,
		"TotalRegistered": 2113,
		"TotalVoted": 1479,
		"HispanicPopulation": 109,
		"HispanicCitizen": 72,
		"HispanicRegistered": 8,
		"HispanicVoted": 2,
		"PercentHispanicPopulation": 0.03353846153846154,
		"PercentHispanicRegistered": 0.003786086133459536,
		"PercentHispanicVoted": 0.001352265043948614
	},
	{
		"Year": 2010,
		"State": "LOUISIANA",
		"TotalPopulation": 3314,
		"TotalCitizen": 3236,
		"TotalRegistered": 2425,
		"TotalVoted": 1618,
		"HispanicPopulation": 104,
		"HispanicCitizen": 67,
		"HispanicRegistered": 42,
		"HispanicVoted": 16,
		"PercentHispanicPopulation": 0.03138201569100785,
		"PercentHispanicRegistered": 0.01731958762886598,
		"PercentHispanicVoted": 0.009888751545117428
	},
	{
		"Year": 2010,
		"State": "MAINE",
		"TotalPopulation": 1034,
		"TotalCitizen": 1017,
		"TotalRegistered": 779,
		"TotalVoted": 604,
		"HispanicPopulation": 6,
		"HispanicCitizen": 5,
		"HispanicRegistered": 4,
		"HispanicVoted": 2,
		"PercentHispanicPopulation": 0.005802707930367505,
		"PercentHispanicRegistered": 0.005134788189987163,
		"PercentHispanicVoted": 0.0033112582781456954
	},
	{
		"Year": 2010,
		"State": "MARYLAND",
		"TotalPopulation": 4279,
		"TotalCitizen": 3853,
		"TotalRegistered": 2509,
		"TotalVoted": 1802,
		"HispanicPopulation": 337,
		"HispanicCitizen": 166,
		"HispanicRegistered": 90,
		"HispanicVoted": 55,
		"PercentHispanicPopulation": 0.07875671885954662,
		"PercentHispanicRegistered": 0.03587086488640893,
		"PercentHispanicVoted": 0.030521642619311874
	},
	{
		"Year": 2010,
		"State": "MASSACHUSETTS",
		"TotalPopulation": 5097,
		"TotalCitizen": 4695,
		"TotalRegistered": 3230,
		"TotalVoted": 2452,
		"HispanicPopulation": 430,
		"HispanicCitizen": 346,
		"HispanicRegistered": 134,
		"HispanicVoted": 48,
		"PercentHispanicPopulation": 0.0843633509907789,
		"PercentHispanicRegistered": 0.04148606811145511,
		"PercentHispanicVoted": 0.01957585644371941
	},
	{
		"Year": 2010,
		"State": "MICHIGAN",
		"TotalPopulation": 7513,
		"TotalCitizen": 7176,
		"TotalRegistered": 5127,
		"TotalVoted": 3394,
		"HispanicPopulation": 229,
		"HispanicCitizen": 171,
		"HispanicRegistered": 107,
		"HispanicVoted": 68,
		"PercentHispanicPopulation": 0.03048050046585918,
		"PercentHispanicRegistered": 0.020869904427540473,
		"PercentHispanicVoted": 0.020035356511490868
	},
	{
		"Year": 2010,
		"State": "MINNESOTA",
		"TotalPopulation": 3982,
		"TotalCitizen": 3830,
		"TotalRegistered": 2756,
		"TotalVoted": 2104,
		"HispanicPopulation": 138,
		"HispanicCitizen": 89,
		"HispanicRegistered": 43,
		"HispanicVoted": 30,
		"PercentHispanicPopulation": 0.03465595178302361,
		"PercentHispanicRegistered": 0.015602322206095792,
		"PercentHispanicVoted": 0.014258555133079848
	},
	{
		"Year": 2010,
		"State": "MISSISSIPPI",
		"TotalPopulation": 2113,
		"TotalCitizen": 2087,
		"TotalRegistered": 1532,
		"TotalVoted": 983,
		"HispanicPopulation": 17,
		"HispanicCitizen": 8,
		"HispanicRegistered": 5,
		"HispanicVoted": 3,
		"PercentHispanicPopulation": 0.008045433033601515,
		"PercentHispanicRegistered": 0.0032637075718015664,
		"PercentHispanicVoted": 0.003051881993896236
	},
	{
		"Year": 2010,
		"State": "MISSOURI",
		"TotalPopulation": 4506,
		"TotalCitizen": 4387,
		"TotalRegistered": 3013,
		"TotalVoted": 2004,
		"HispanicPopulation": 140,
		"HispanicCitizen": 65,
		"HispanicRegistered": 37,
		"HispanicVoted": 24,
		"PercentHispanicPopulation": 0.031069684864624945,
		"PercentHispanicRegistered": 0.01228011948224361,
		"PercentHispanicVoted": 0.011976047904191617
	},
	{
		"Year": 2010,
		"State": "MONTANA",
		"TotalPopulation": 753,
		"TotalCitizen": 744,
		"TotalRegistered": 491,
		"TotalVoted": 386,
		"HispanicPopulation": 22,
		"HispanicCitizen": 20,
		"HispanicRegistered": 13,
		"HispanicVoted": 9,
		"PercentHispanicPopulation": 0.029216467463479414,
		"PercentHispanicRegistered": 0.026476578411405296,
		"PercentHispanicVoted": 0.023316062176165803
	},
	{
		"Year": 2010,
		"State": "NEBRASKA",
		"TotalPopulation": 1323,
		"TotalCitizen": 1240,
		"TotalRegistered": 804,
		"TotalVoted": 511,
		"HispanicPopulation": 101,
		"HispanicCitizen": 55,
		"HispanicRegistered": 25,
		"HispanicVoted": 12,
		"PercentHispanicPopulation": 0.07634164777021919,
		"PercentHispanicRegistered": 0.03109452736318408,
		"PercentHispanicVoted": 0.023483365949119372
	},
	{
		"Year": 2010,
		"State": "NEVADA",
		"TotalPopulation": 1957,
		"TotalCitizen": 1725,
		"TotalRegistered": 996,
		"TotalVoted": 731,
		"HispanicPopulation": 399,
		"HispanicCitizen": 245,
		"HispanicRegistered": 103,
		"HispanicVoted": 68,
		"PercentHispanicPopulation": 0.20388349514563106,
		"PercentHispanicRegistered": 0.10341365461847389,
		"PercentHispanicVoted": 0.09302325581395349
	},
	{
		"Year": 2010,
		"State": "NEW HAMPSHIRE",
		"TotalPopulation": 1024,
		"TotalCitizen": 1002,
		"TotalRegistered": 666,
		"TotalVoted": 470,
		"HispanicPopulation": 12,
		"HispanicCitizen": 11,
		"HispanicRegistered": 5,
		"HispanicVoted": 3,
		"PercentHispanicPopulation": 0.01171875,
		"PercentHispanicRegistered": 0.0075075075075075074,
		"PercentHispanicVoted": 0.006382978723404255
	},
	{
		"Year": 2010,
		"State": "NEW JERSEY",
		"TotalPopulation": 6581,
		"TotalCitizen": 5719,
		"TotalRegistered": 3656,
		"TotalVoted": 2383,
		"HispanicPopulation": 1136,
		"HispanicCitizen": 628,
		"HispanicRegistered": 284,
		"HispanicVoted": 177,
		"PercentHispanicPopulation": 0.1726181431393405,
		"PercentHispanicRegistered": 0.07768052516411379,
		"PercentHispanicVoted": 0.07427612253462022
	},
	{
		"Year": 2010,
		"State": "NEW MEXICO",
		"TotalPopulation": 1489,
		"TotalCitizen": 1362,
		"TotalRegistered": 746,
		"TotalVoted": 579,
		"HispanicPopulation": 610,
		"HispanicCitizen": 516,
		"HispanicRegistered": 249,
		"HispanicVoted": 183,
		"PercentHispanicPopulation": 0.40967092008059103,
		"PercentHispanicRegistered": 0.33378016085790885,
		"PercentHispanicVoted": 0.3160621761658031
	},
	{
		"Year": 2010,
		"State": "NEW YORK",
		"TotalPopulation": 14974,
		"TotalCitizen": 13163,
		"TotalRegistered": 8395,
		"TotalVoted": 5746,
		"HispanicPopulation": 2389,
		"HispanicCitizen": 1603,
		"HispanicRegistered": 830,
		"HispanicVoted": 516,
		"PercentHispanicPopulation": 0.1595432082275945,
		"PercentHispanicRegistered": 0.098868374032162,
		"PercentHispanicVoted": 0.08980160111381831
	},
	{
		"Year": 2010,
		"State": "NORTH CAROLINA",
		"TotalPopulation": 6998,
		"TotalCitizen": 6632,
		"TotalRegistered": 4455,
		"TotalVoted": 3009,
		"HispanicPopulation": 469,
		"HispanicCitizen": 182,
		"HispanicRegistered": 105,
		"HispanicVoted": 80,
		"PercentHispanicPopulation": 0.06701914832809375,
		"PercentHispanicRegistered": 0.02356902356902357,
		"PercentHispanicVoted": 0.026586905948820207
	},
	{
		"Year": 2010,
		"State": "NORTH DAKOTA",
		"TotalPopulation": 488,
		"TotalCitizen": 477,
		"TotalRegistered": 361,
		"TotalVoted": 266,
		"HispanicPopulation": 3,
		"HispanicCitizen": 3,
		"HispanicRegistered": 2,
		"HispanicVoted": 0,
		"PercentHispanicPopulation": 0.006147540983606557,
		"PercentHispanicRegistered": 0.00554016620498615,
		"PercentHispanicVoted": 0
	},
	{
		"Year": 2010,
		"State": "OHIO",
		"TotalPopulation": 8642,
		"TotalCitizen": 8468,
		"TotalRegistered": 5601,
		"TotalVoted": 3824,
		"HispanicPopulation": 187,
		"HispanicCitizen": 128,
		"HispanicRegistered": 64,
		"HispanicVoted": 38,
		"PercentHispanicPopulation": 0.021638509604258272,
		"PercentHispanicRegistered": 0.011426530976611319,
		"PercentHispanicVoted": 0.00993723849372385
	},
	{
		"Year": 2010,
		"State": "OKLAHOMA",
		"TotalPopulation": 2695,
		"TotalCitizen": 2628,
		"TotalRegistered": 1603,
		"TotalVoted": 1061,
		"HispanicPopulation": 159,
		"HispanicCitizen": 116,
		"HispanicRegistered": 38,
		"HispanicVoted": 19,
		"PercentHispanicPopulation": 0.05899814471243043,
		"PercentHispanicRegistered": 0.023705552089831567,
		"PercentHispanicVoted": 0.017907634307257305
	},
	{
		"Year": 2010,
		"State": "OREGON",
		"TotalPopulation": 2974,
		"TotalCitizen": 2830,
		"TotalRegistered": 2005,
		"TotalVoted": 1594,
		"HispanicPopulation": 189,
		"HispanicCitizen": 107,
		"HispanicRegistered": 50,
		"HispanicVoted": 35,
		"PercentHispanicPopulation": 0.06355077336919973,
		"PercentHispanicRegistered": 0.02493765586034913,
		"PercentHispanicVoted": 0.021957340025094103
	},
	{
		"Year": 2010,
		"State": "PENNSYLVANIA",
		"TotalPopulation": 9631,
		"TotalCitizen": 9339,
		"TotalRegistered": 6031,
		"TotalVoted": 4104,
		"HispanicPopulation": 390,
		"HispanicCitizen": 323,
		"HispanicRegistered": 155,
		"HispanicVoted": 79,
		"PercentHispanicPopulation": 0.04049423735852975,
		"PercentHispanicRegistered": 0.025700547172939812,
		"PercentHispanicVoted": 0.0192495126705653
	},
	{
		"Year": 2010,
		"State": "RHODE ISLAND",
		"TotalPopulation": 812,
		"TotalCitizen": 745,
		"TotalRegistered": 510,
		"TotalVoted": 348,
		"HispanicPopulation": 84,
		"HispanicCitizen": 53,
		"HispanicRegistered": 20,
		"HispanicVoted": 10,
		"PercentHispanicPopulation": 0.10344827586206896,
		"PercentHispanicRegistered": 0.0392156862745098,
		"PercentHispanicVoted": 0.028735632183908046
	},
	{
		"Year": 2010,
		"State": "SOUTH CAROLINA",
		"TotalPopulation": 3453,
		"TotalCitizen": 3339,
		"TotalRegistered": 2304,
		"TotalVoted": 1700,
		"HispanicPopulation": 112,
		"HispanicCitizen": 45,
		"HispanicRegistered": 15,
		"HispanicVoted": 4,
		"PercentHispanicPopulation": 0.03243556327830872,
		"PercentHispanicRegistered": 0.006510416666666667,
		"PercentHispanicVoted": 0.002352941176470588
	},
	{
		"Year": 2010,
		"State": "SOUTH DAKOTA",
		"TotalPopulation": 602,
		"TotalCitizen": 587,
		"TotalRegistered": 406,
		"TotalVoted": 322,
		"HispanicPopulation": 19,
		"HispanicCitizen": 10,
		"HispanicRegistered": 6,
		"HispanicVoted": 3,
		"PercentHispanicPopulation": 0.03156146179401993,
		"PercentHispanicRegistered": 0.014778325123152709,
		"PercentHispanicVoted": 0.009316770186335404
	},
	{
		"Year": 2010,
		"State": "TENNESSEE",
		"TotalPopulation": 4745,
		"TotalCitizen": 4547,
		"TotalRegistered": 2854,
		"TotalVoted": 1714,
		"HispanicPopulation": 160,
		"HispanicCitizen": 72,
		"HispanicRegistered": 37,
		"HispanicVoted": 19,
		"PercentHispanicPopulation": 0.03371970495258166,
		"PercentHispanicRegistered": 0.01296426068675543,
		"PercentHispanicVoted": 0.011085180863477246
	},
	{
		"Year": 2010,
		"State": "TEXAS",
		"TotalPopulation": 17847,
		"TotalCitizen": 15403,
		"TotalRegistered": 9493,
		"TotalVoted": 5600,
		"HispanicPopulation": 6403,
		"HispanicCitizen": 4376,
		"HispanicRegistered": 2334,
		"HispanicVoted": 1012,
		"PercentHispanicPopulation": 0.3587717823723875,
		"PercentHispanicRegistered": 0.2458653744864637,
		"PercentHispanicVoted": 0.18071428571428572
	},
	{
		"Year": 2010,
		"State": "UTAH",
		"TotalPopulation": 1929,
		"TotalCitizen": 1800,
		"TotalRegistered": 1095,
		"TotalVoted": 695,
		"HispanicPopulation": 151,
		"HispanicCitizen": 71,
		"HispanicRegistered": 21,
		"HispanicVoted": 13,
		"PercentHispanicPopulation": 0.0782789009849663,
		"PercentHispanicRegistered": 0.019178082191780823,
		"PercentHispanicVoted": 0.01870503597122302
	},
	{
		"Year": 2010,
		"State": "VERMONT",
		"TotalPopulation": 490,
		"TotalCitizen": 481,
		"TotalRegistered": 356,
		"TotalVoted": 265,
		"HispanicPopulation": 4,
		"HispanicCitizen": 2,
		"HispanicRegistered": 1,
		"HispanicVoted": 1,
		"PercentHispanicPopulation": 0.00816326530612245,
		"PercentHispanicRegistered": 0.0028089887640449437,
		"PercentHispanicVoted": 0.0037735849056603774
	},
	{
		"Year": 2010,
		"State": "VIRGINIA",
		"TotalPopulation": 5873,
		"TotalCitizen": 5544,
		"TotalRegistered": 3546,
		"TotalVoted": 2257,
		"HispanicPopulation": 369,
		"HispanicCitizen": 254,
		"HispanicRegistered": 88,
		"HispanicVoted": 48,
		"PercentHispanicPopulation": 0.06282989954026903,
		"PercentHispanicRegistered": 0.024816694867456288,
		"PercentHispanicVoted": 0.021267168808152416
	},
	{
		"Year": 2010,
		"State": "WASHINGTON",
		"TotalPopulation": 5095,
		"TotalCitizen": 4637,
		"TotalRegistered": 3367,
		"TotalVoted": 2692,
		"HispanicPopulation": 461,
		"HispanicCitizen": 259,
		"HispanicRegistered": 110,
		"HispanicVoted": 77,
		"PercentHispanicPopulation": 0.09048086359175662,
		"PercentHispanicRegistered": 0.03267003267003267,
		"PercentHispanicVoted": 0.028603268945022287
	},
	{
		"Year": 2010,
		"State": "WEST VIRGINIA",
		"TotalPopulation": 1420,
		"TotalCitizen": 1418,
		"TotalRegistered": 883,
		"TotalVoted": 581,
		"HispanicPopulation": 5,
		"HispanicCitizen": 5,
		"HispanicRegistered": 2,
		"HispanicVoted": 2,
		"PercentHispanicPopulation": 0.0035211267605633804,
		"PercentHispanicRegistered": 0.0022650056625141564,
		"PercentHispanicVoted": 0.0034423407917383822
	},
	{
		"Year": 2010,
		"State": "WISCONSIN",
		"TotalPopulation": 4291,
		"TotalCitizen": 4156,
		"TotalRegistered": 2908,
		"TotalVoted": 2258,
		"HispanicPopulation": 181,
		"HispanicCitizen": 96,
		"HispanicRegistered": 53,
		"HispanicVoted": 38,
		"PercentHispanicPopulation": 0.04218130971801445,
		"PercentHispanicRegistered": 0.018225584594222834,
		"PercentHispanicVoted": 0.01682905225863596
	},
	{
		"Year": 2010,
		"State": "WYOMING",
		"TotalPopulation": 411,
		"TotalCitizen": 402,
		"TotalRegistered": 239,
		"TotalVoted": 190,
		"HispanicPopulation": 31,
		"HispanicCitizen": 25,
		"HispanicRegistered": 9,
		"HispanicVoted": 6,
		"PercentHispanicPopulation": 0.07542579075425791,
		"PercentHispanicRegistered": 0.03765690376569038,
		"PercentHispanicVoted": 0.031578947368421054
	},
	{
		"Year": 2008,
		"State": "ALABAMA",
		"TotalPopulation": 3497,
		"TotalCitizen": 3404,
		"TotalRegistered": 2438,
		"TotalVoted": 2126,
		"HispanicPopulation": 71,
		"HispanicCitizen": 7,
		"HispanicRegistered": 4,
		"HispanicVoted": 4,
		"PercentHispanicPopulation": 0.02030311695739205,
		"PercentHispanicRegistered": 0.0016406890894175555,
		"PercentHispanicVoted": 0.0018814675446848542
	},
	{
		"Year": 2008,
		"State": "ALASKA",
		"TotalPopulation": 488,
		"TotalCitizen": 468,
		"TotalRegistered": 345,
		"TotalVoted": 304,
		"HispanicPopulation": 15,
		"HispanicCitizen": 13,
		"HispanicRegistered": 9,
		"HispanicVoted": 8,
		"PercentHispanicPopulation": 0.030737704918032786,
		"PercentHispanicRegistered": 0.02608695652173913,
		"PercentHispanicVoted": 0.02631578947368421
	},
	{
		"Year": 2008,
		"State": "ARIZONA",
		"TotalPopulation": 4688,
		"TotalCitizen": 4169,
		"TotalRegistered": 2874,
		"TotalVoted": 2497,
		"HispanicPopulation": 1227,
		"HispanicCitizen": 796,
		"HispanicRegistered": 410,
		"HispanicVoted": 291,
		"PercentHispanicPopulation": 0.2617320819112628,
		"PercentHispanicRegistered": 0.14265831593597772,
		"PercentHispanicVoted": 0.11653984781738086
	},
	{
		"Year": 2008,
		"State": "ARKANSAS",
		"TotalPopulation": 2108,
		"TotalCitizen": 2030,
		"TotalRegistered": 1317,
		"TotalVoted": 1092,
		"HispanicPopulation": 74,
		"HispanicCitizen": 20,
		"HispanicRegistered": 8,
		"HispanicVoted": 3,
		"PercentHispanicPopulation": 0.03510436432637571,
		"PercentHispanicRegistered": 0.006074411541381929,
		"PercentHispanicVoted": 0.0027472527472527475
	},
	{
		"Year": 2008,
		"State": "CALIFORNIA",
		"TotalPopulation": 26993,
		"TotalCitizen": 21816,
		"TotalRegistered": 14885,
		"TotalVoted": 13828,
		"HispanicPopulation": 8859,
		"HispanicCitizen": 5193,
		"HispanicRegistered": 3263,
		"HispanicVoted": 2961,
		"PercentHispanicPopulation": 0.3281961990145593,
		"PercentHispanicRegistered": 0.21921397379912663,
		"PercentHispanicVoted": 0.21413074920451258
	},
	{
		"Year": 2008,
		"State": "COLORADO",
		"TotalPopulation": 3694,
		"TotalCitizen": 3374,
		"TotalRegistered": 2437,
		"TotalVoted": 2308,
		"HispanicPopulation": 590,
		"HispanicCitizen": 380,
		"HispanicRegistered": 225,
		"HispanicVoted": 195,
		"PercentHispanicPopulation": 0.1597184623714131,
		"PercentHispanicRegistered": 0.09232663110381617,
		"PercentHispanicVoted": 0.08448873483535528
	},
	{
		"Year": 2008,
		"State": "CONNECTICUT",
		"TotalPopulation": 2651,
		"TotalCitizen": 2396,
		"TotalRegistered": 1761,
		"TotalVoted": 1610,
		"HispanicPopulation": 253,
		"HispanicCitizen": 191,
		"HispanicRegistered": 104,
		"HispanicVoted": 89,
		"PercentHispanicPopulation": 0.0954356846473029,
		"PercentHispanicRegistered": 0.059057353776263484,
		"PercentHispanicVoted": 0.055279503105590065
	},
	{
		"Year": 2008,
		"State": "DELAWARE",
		"TotalPopulation": 648,
		"TotalCitizen": 606,
		"TotalRegistered": 447,
		"TotalVoted": 408,
		"HispanicPopulation": 38,
		"HispanicCitizen": 19,
		"HispanicRegistered": 9,
		"HispanicVoted": 7,
		"PercentHispanicPopulation": 0.05864197530864197,
		"PercentHispanicRegistered": 0.020134228187919462,
		"PercentHispanicVoted": 0.01715686274509804
	},
	{
		"Year": 2008,
		"State": "DISTRICT OF COLUMBIA",
		"TotalPopulation": 469,
		"TotalCitizen": 413,
		"TotalRegistered": 324,
		"TotalVoted": 306,
		"HispanicPopulation": 50,
		"HispanicCitizen": 18,
		"HispanicRegistered": 11,
		"HispanicVoted": 11,
		"PercentHispanicPopulation": 0.10660980810234541,
		"PercentHispanicRegistered": 0.033950617283950615,
		"PercentHispanicVoted": 0.03594771241830065
	},
	{
		"Year": 2008,
		"State": "FLORIDA",
		"TotalPopulation": 14069,
		"TotalCitizen": 12462,
		"TotalRegistered": 8774,
		"TotalVoted": 7951,
		"HispanicPopulation": 2909,
		"HispanicCitizen": 1988,
		"HispanicRegistered": 1380,
		"HispanicVoted": 1227,
		"PercentHispanicPopulation": 0.20676665008174,
		"PercentHispanicRegistered": 0.15728288124002734,
		"PercentHispanicVoted": 0.15432021129417683
	},
	{
		"Year": 2008,
		"State": "GEORGIA",
		"TotalPopulation": 7018,
		"TotalCitizen": 6515,
		"TotalRegistered": 4624,
		"TotalVoted": 4183,
		"HispanicPopulation": 541,
		"HispanicCitizen": 234,
		"HispanicRegistered": 150,
		"HispanicVoted": 128,
		"PercentHispanicPopulation": 0.07708748931319465,
		"PercentHispanicRegistered": 0.032439446366782004,
		"PercentHispanicVoted": 0.030600047812574707
	},
	{
		"Year": 2008,
		"State": "HAWAII",
		"TotalPopulation": 977,
		"TotalCitizen": 883,
		"TotalRegistered": 522,
		"TotalVoted": 457,
		"HispanicPopulation": 49,
		"HispanicCitizen": 45,
		"HispanicRegistered": 17,
		"HispanicVoted": 15,
		"PercentHispanicPopulation": 0.05015353121801433,
		"PercentHispanicRegistered": 0.032567049808429116,
		"PercentHispanicVoted": 0.03282275711159737
	},
	{
		"Year": 2008,
		"State": "IDAHO",
		"TotalPopulation": 1095,
		"TotalCitizen": 1049,
		"TotalRegistered": 723,
		"TotalVoted": 644,
		"HispanicPopulation": 122,
		"HispanicCitizen": 86,
		"HispanicRegistered": 37,
		"HispanicVoted": 30,
		"PercentHispanicPopulation": 0.11141552511415526,
		"PercentHispanicRegistered": 0.051175656984785614,
		"PercentHispanicVoted": 0.046583850931677016
	},
	{
		"Year": 2008,
		"State": "ILLINOIS",
		"TotalPopulation": 9521,
		"TotalCitizen": 8681,
		"TotalRegistered": 6151,
		"TotalVoted": 5436,
		"HispanicPopulation": 1081,
		"HispanicCitizen": 671,
		"HispanicRegistered": 385,
		"HispanicVoted": 314,
		"PercentHispanicPopulation": 0.11353849385568743,
		"PercentHispanicRegistered": 0.06259144854495204,
		"PercentHispanicVoted": 0.057763061074319354
	},
	{
		"Year": 2008,
		"State": "INDIANA",
		"TotalPopulation": 4686,
		"TotalCitizen": 4562,
		"TotalRegistered": 3105,
		"TotalVoted": 2758,
		"HispanicPopulation": 196,
		"HispanicCitizen": 102,
		"HispanicRegistered": 45,
		"HispanicVoted": 36,
		"PercentHispanicPopulation": 0.04182671788305591,
		"PercentHispanicRegistered": 0.014492753623188406,
		"PercentHispanicVoted": 0.01305293691080493
	},
	{
		"Year": 2008,
		"State": "IOWA",
		"TotalPopulation": 2244,
		"TotalCitizen": 2137,
		"TotalRegistered": 1630,
		"TotalVoted": 1501,
		"HispanicPopulation": 101,
		"HispanicCitizen": 31,
		"HispanicRegistered": 21,
		"HispanicVoted": 20,
		"PercentHispanicPopulation": 0.04500891265597148,
		"PercentHispanicRegistered": 0.012883435582822086,
		"PercentHispanicVoted": 0.013324450366422385
	},
	{
		"Year": 2008,
		"State": "KANSAS",
		"TotalPopulation": 2037,
		"TotalCitizen": 1926,
		"TotalRegistered": 1343,
		"TotalVoted": 1219,
		"HispanicPopulation": 136,
		"HispanicCitizen": 76,
		"HispanicRegistered": 43,
		"HispanicVoted": 39,
		"PercentHispanicPopulation": 0.06676485027000491,
		"PercentHispanicRegistered": 0.03201787043931496,
		"PercentHispanicVoted": 0.03199343724364233
	},
	{
		"Year": 2008,
		"State": "KENTUCKY",
		"TotalPopulation": 3179,
		"TotalCitizen": 3094,
		"TotalRegistered": 2259,
		"TotalVoted": 1952,
		"HispanicPopulation": 52,
		"HispanicCitizen": 17,
		"HispanicRegistered": 13,
		"HispanicVoted": 13,
		"PercentHispanicPopulation": 0.01635734507706826,
		"PercentHispanicRegistered": 0.005754758742806552,
		"PercentHispanicVoted": 0.00665983606557377
	},
	{
		"Year": 2008,
		"State": "LOUISIANA",
		"TotalPopulation": 3161,
		"TotalCitizen": 3056,
		"TotalRegistered": 2393,
		"TotalVoted": 2149,
		"HispanicPopulation": 100,
		"HispanicCitizen": 58,
		"HispanicRegistered": 39,
		"HispanicVoted": 32,
		"PercentHispanicPopulation": 0.03163555836760519,
		"PercentHispanicRegistered": 0.0162975344755537,
		"PercentHispanicVoted": 0.014890646812470917
	},
	{
		"Year": 2008,
		"State": "MAINE",
		"TotalPopulation": 1020,
		"TotalCitizen": 1005,
		"TotalRegistered": 801,
		"TotalVoted": 716,
		"HispanicPopulation": 17,
		"HispanicCitizen": 15,
		"HispanicRegistered": 9,
		"HispanicVoted": 8,
		"PercentHispanicPopulation": 0.016666666666666666,
		"PercentHispanicRegistered": 0.011235955056179775,
		"PercentHispanicVoted": 0.0111731843575419
	},
	{
		"Year": 2008,
		"State": "MARYLAND",
		"TotalPopulation": 4218,
		"TotalCitizen": 3824,
		"TotalRegistered": 2828,
		"TotalVoted": 2611,
		"HispanicPopulation": 269,
		"HispanicCitizen": 145,
		"HispanicRegistered": 93,
		"HispanicVoted": 91,
		"PercentHispanicPopulation": 0.06377430061640588,
		"PercentHispanicRegistered": 0.03288543140028288,
		"PercentHispanicVoted": 0.03485254691689008
	},
	{
		"Year": 2008,
		"State": "MASSACHUSETTS",
		"TotalPopulation": 4962,
		"TotalCitizen": 4533,
		"TotalRegistered": 3293,
		"TotalVoted": 3044,
		"HispanicPopulation": 286,
		"HispanicCitizen": 193,
		"HispanicRegistered": 103,
		"HispanicVoted": 77,
		"PercentHispanicPopulation": 0.05763804917372027,
		"PercentHispanicRegistered": 0.03127846948071667,
		"PercentHispanicVoted": 0.025295663600525625
	},
	{
		"Year": 2008,
		"State": "MICHIGAN",
		"TotalPopulation": 7487,
		"TotalCitizen": 7176,
		"TotalRegistered": 5531,
		"TotalVoted": 4865,
		"HispanicPopulation": 198,
		"HispanicCitizen": 147,
		"HispanicRegistered": 85,
		"HispanicVoted": 70,
		"PercentHispanicPopulation": 0.02644583945505543,
		"PercentHispanicRegistered": 0.015367926233954077,
		"PercentHispanicVoted": 0.014388489208633094
	},
	{
		"Year": 2008,
		"State": "MINNESOTA",
		"TotalPopulation": 3898,
		"TotalCitizen": 3678,
		"TotalRegistered": 2931,
		"TotalVoted": 2759,
		"HispanicPopulation": 128,
		"HispanicCitizen": 68,
		"HispanicRegistered": 39,
		"HispanicVoted": 35,
		"PercentHispanicPopulation": 0.032837352488455616,
		"PercentHispanicRegistered": 0.01330603889457523,
		"PercentHispanicVoted": 0.012685755708590069
	},
	{
		"Year": 2008,
		"State": "MISSISSIPPI",
		"TotalPopulation": 2109,
		"TotalCitizen": 2064,
		"TotalRegistered": 1589,
		"TotalVoted": 1439,
		"HispanicPopulation": 54,
		"HispanicCitizen": 15,
		"HispanicRegistered": 10,
		"HispanicVoted": 10,
		"PercentHispanicPopulation": 0.025604551920341393,
		"PercentHispanicRegistered": 0.0062932662051604785,
		"PercentHispanicVoted": 0.006949270326615705
	},
	{
		"Year": 2008,
		"State": "MISSOURI",
		"TotalPopulation": 4430,
		"TotalCitizen": 4326,
		"TotalRegistered": 3224,
		"TotalVoted": 2846,
		"HispanicPopulation": 98,
		"HispanicCitizen": 50,
		"HispanicRegistered": 25,
		"HispanicVoted": 20,
		"PercentHispanicPopulation": 0.022121896162528215,
		"PercentHispanicRegistered": 0.007754342431761787,
		"PercentHispanicVoted": 0.007027406886858749
	},
	{
		"Year": 2008,
		"State": "MONTANA",
		"TotalPopulation": 731,
		"TotalCitizen": 724,
		"TotalRegistered": 516,
		"TotalVoted": 473,
		"HispanicPopulation": 15,
		"HispanicCitizen": 11,
		"HispanicRegistered": 9,
		"HispanicVoted": 8,
		"PercentHispanicPopulation": 0.02051983584131327,
		"PercentHispanicRegistered": 0.01744186046511628,
		"PercentHispanicVoted": 0.016913319238900635
	},
	{
		"Year": 2008,
		"State": "NEBRASKA",
		"TotalPopulation": 1308,
		"TotalCitizen": 1253,
		"TotalRegistered": 939,
		"TotalVoted": 844,
		"HispanicPopulation": 76,
		"HispanicCitizen": 47,
		"HispanicRegistered": 28,
		"HispanicVoted": 24,
		"PercentHispanicPopulation": 0.0581039755351682,
		"PercentHispanicRegistered": 0.029818956336528223,
		"PercentHispanicVoted": 0.02843601895734597
	},
	{
		"Year": 2008,
		"State": "NEVADA",
		"TotalPopulation": 1946,
		"TotalCitizen": 1714,
		"TotalRegistered": 1147,
		"TotalVoted": 1027,
		"HispanicPopulation": 392,
		"HispanicCitizen": 228,
		"HispanicRegistered": 131,
		"HispanicVoted": 119,
		"PercentHispanicPopulation": 0.2014388489208633,
		"PercentHispanicRegistered": 0.11421098517872712,
		"PercentHispanicVoted": 0.11587147030185005
	},
	{
		"Year": 2008,
		"State": "NEW HAMPSHIRE",
		"TotalPopulation": 1015,
		"TotalCitizen": 994,
		"TotalRegistered": 756,
		"TotalVoted": 708,
		"HispanicPopulation": 18,
		"HispanicCitizen": 14,
		"HispanicRegistered": 11,
		"HispanicVoted": 8,
		"PercentHispanicPopulation": 0.017733990147783252,
		"PercentHispanicRegistered": 0.01455026455026455,
		"PercentHispanicVoted": 0.011299435028248588
	},
	{
		"Year": 2008,
		"State": "NEW JERSEY",
		"TotalPopulation": 6489,
		"TotalCitizen": 5675,
		"TotalRegistered": 4022,
		"TotalVoted": 3637,
		"HispanicPopulation": 1006,
		"HispanicCitizen": 661,
		"HispanicRegistered": 388,
		"HispanicVoted": 337,
		"PercentHispanicPopulation": 0.15503159192479582,
		"PercentHispanicRegistered": 0.09646941819990054,
		"PercentHispanicVoted": 0.09265878471267529
	},
	{
		"Year": 2008,
		"State": "NEW MEXICO",
		"TotalPopulation": 1473,
		"TotalCitizen": 1352,
		"TotalRegistered": 937,
		"TotalVoted": 846,
		"HispanicPopulation": 640,
		"HispanicCitizen": 539,
		"HispanicRegistered": 346,
		"HispanicVoted": 289,
		"PercentHispanicPopulation": 0.4344874405974202,
		"PercentHispanicRegistered": 0.36926360725720386,
		"PercentHispanicVoted": 0.3416075650118203
	},
	{
		"Year": 2008,
		"State": "NEW YORK",
		"TotalPopulation": 14665,
		"TotalCitizen": 12849,
		"TotalRegistered": 8458,
		"TotalVoted": 7559,
		"HispanicPopulation": 2042,
		"HispanicCitizen": 1348,
		"HispanicRegistered": 836,
		"HispanicVoted": 743,
		"PercentHispanicPopulation": 0.13924309580634164,
		"PercentHispanicRegistered": 0.09884133364861669,
		"PercentHispanicVoted": 0.09829342505622436
	},
	{
		"Year": 2008,
		"State": "NORTH CAROLINA",
		"TotalPopulation": 6845,
		"TotalCitizen": 6477,
		"TotalRegistered": 4902,
		"TotalVoted": 4370,
		"HispanicPopulation": 374,
		"HispanicCitizen": 118,
		"HispanicRegistered": 83,
		"HispanicVoted": 77,
		"PercentHispanicPopulation": 0.05463842220598977,
		"PercentHispanicRegistered": 0.01693186454508364,
		"PercentHispanicVoted": 0.017620137299771167
	},
	{
		"Year": 2008,
		"State": "NORTH DAKOTA",
		"TotalPopulation": 484,
		"TotalCitizen": 476,
		"TotalRegistered": 399,
		"TotalVoted": 321,
		"HispanicPopulation": 6,
		"HispanicCitizen": 5,
		"HispanicRegistered": 3,
		"HispanicVoted": 1,
		"PercentHispanicPopulation": 0.012396694214876033,
		"PercentHispanicRegistered": 0.007518796992481203,
		"PercentHispanicVoted": 0.003115264797507788
	},
	{
		"Year": 2008,
		"State": "OHIO",
		"TotalPopulation": 8499,
		"TotalCitizen": 8367,
		"TotalRegistered": 6108,
		"TotalVoted": 5483,
		"HispanicPopulation": 212,
		"HispanicCitizen": 142,
		"HispanicRegistered": 85,
		"HispanicVoted": 74,
		"PercentHispanicPopulation": 0.02494411107189081,
		"PercentHispanicRegistered": 0.013916175507531107,
		"PercentHispanicVoted": 0.013496261170891848
	},
	{
		"Year": 2008,
		"State": "OKLAHOMA",
		"TotalPopulation": 2667,
		"TotalCitizen": 2566,
		"TotalRegistered": 1798,
		"TotalVoted": 1507,
		"HispanicPopulation": 170,
		"HispanicCitizen": 93,
		"HispanicRegistered": 47,
		"HispanicVoted": 33,
		"PercentHispanicPopulation": 0.06374203224596925,
		"PercentHispanicRegistered": 0.02614015572858732,
		"PercentHispanicVoted": 0.021897810218978103
	},
	{
		"Year": 2008,
		"State": "OREGON",
		"TotalPopulation": 2904,
		"TotalCitizen": 2687,
		"TotalRegistered": 1961,
		"TotalVoted": 1818,
		"HispanicPopulation": 261,
		"HispanicCitizen": 100,
		"HispanicRegistered": 43,
		"HispanicVoted": 39,
		"PercentHispanicPopulation": 0.08987603305785125,
		"PercentHispanicRegistered": 0.021927587965323816,
		"PercentHispanicVoted": 0.02145214521452145
	},
	{
		"Year": 2008,
		"State": "PENNSYLVANIA",
		"TotalPopulation": 9449,
		"TotalCitizen": 9206,
		"TotalRegistered": 6451,
		"TotalVoted": 5747,
		"HispanicPopulation": 361,
		"HispanicCitizen": 319,
		"HispanicRegistered": 189,
		"HispanicVoted": 161,
		"PercentHispanicPopulation": 0.03820510106889618,
		"PercentHispanicRegistered": 0.029297783289412495,
		"PercentHispanicVoted": 0.028014616321559074
	},
	{
		"Year": 2008,
		"State": "RHODE ISLAND",
		"TotalPopulation": 804,
		"TotalCitizen": 752,
		"TotalRegistered": 568,
		"TotalVoted": 507,
		"HispanicPopulation": 71,
		"HispanicCitizen": 42,
		"HispanicRegistered": 22,
		"HispanicVoted": 20,
		"PercentHispanicPopulation": 0.08830845771144279,
		"PercentHispanicRegistered": 0.03873239436619718,
		"PercentHispanicVoted": 0.03944773175542406
	},
	{
		"Year": 2008,
		"State": "SOUTH CAROLINA",
		"TotalPopulation": 3313,
		"TotalCitizen": 3202,
		"TotalRegistered": 2385,
		"TotalVoted": 2100,
		"HispanicPopulation": 111,
		"HispanicCitizen": 37,
		"HispanicRegistered": 21,
		"HispanicVoted": 18,
		"PercentHispanicPopulation": 0.03350437669785693,
		"PercentHispanicRegistered": 0.00880503144654088,
		"PercentHispanicVoted": 0.008571428571428572
	},
	{
		"Year": 2008,
		"State": "SOUTH DAKOTA",
		"TotalPopulation": 590,
		"TotalCitizen": 575,
		"TotalRegistered": 442,
		"TotalVoted": 390,
		"HispanicPopulation": 11,
		"HispanicCitizen": 8,
		"HispanicRegistered": 3,
		"HispanicVoted": 3,
		"PercentHispanicPopulation": 0.01864406779661017,
		"PercentHispanicRegistered": 0.006787330316742082,
		"PercentHispanicVoted": 0.007692307692307693
	},
	{
		"Year": 2008,
		"State": "TENNESSEE",
		"TotalPopulation": 4692,
		"TotalCitizen": 4529,
		"TotalRegistered": 2921,
		"TotalVoted": 2516,
		"HispanicPopulation": 178,
		"HispanicCitizen": 73,
		"HispanicRegistered": 37,
		"HispanicVoted": 34,
		"PercentHispanicPopulation": 0.03793691389599318,
		"PercentHispanicRegistered": 0.01266689489900719,
		"PercentHispanicVoted": 0.013513513513513514
	},
	{
		"Year": 2008,
		"State": "TEXAS",
		"TotalPopulation": 17295,
		"TotalCitizen": 15040,
		"TotalRegistered": 10123,
		"TotalVoted": 8435,
		"HispanicPopulation": 6241,
		"HispanicCitizen": 4493,
		"HispanicRegistered": 2441,
		"HispanicVoted": 1697,
		"PercentHispanicPopulation": 0.3608557386527898,
		"PercentHispanicRegistered": 0.2411340511706016,
		"PercentHispanicVoted": 0.201185536455246
	},
	{
		"Year": 2008,
		"State": "UTAH",
		"TotalPopulation": 1859,
		"TotalCitizen": 1768,
		"TotalRegistered": 1056,
		"TotalVoted": 939,
		"HispanicPopulation": 138,
		"HispanicCitizen": 92,
		"HispanicRegistered": 24,
		"HispanicVoted": 21,
		"PercentHispanicPopulation": 0.07423345884884347,
		"PercentHispanicRegistered": 0.022727272727272728,
		"PercentHispanicVoted": 0.022364217252396165
	},
	{
		"Year": 2008,
		"State": "VERMONT",
		"TotalPopulation": 487,
		"TotalCitizen": 476,
		"TotalRegistered": 345,
		"TotalVoted": 308,
		"HispanicPopulation": 5,
		"HispanicCitizen": 3,
		"HispanicRegistered": 2,
		"HispanicVoted": 2,
		"PercentHispanicPopulation": 0.01026694045174538,
		"PercentHispanicRegistered": 0.005797101449275362,
		"PercentHispanicVoted": 0.006493506493506494
	},
	{
		"Year": 2008,
		"State": "VIRGINIA",
		"TotalPopulation": 5720,
		"TotalCitizen": 5316,
		"TotalRegistered": 3950,
		"TotalVoted": 3650,
		"HispanicPopulation": 330,
		"HispanicCitizen": 132,
		"HispanicRegistered": 74,
		"HispanicVoted": 74,
		"PercentHispanicPopulation": 0.057692307692307696,
		"PercentHispanicRegistered": 0.018734177215189874,
		"PercentHispanicVoted": 0.020273972602739727
	},
	{
		"Year": 2008,
		"State": "WASHINGTON",
		"TotalPopulation": 4912,
		"TotalCitizen": 4600,
		"TotalRegistered": 3299,
		"TotalVoted": 3073,
		"HispanicPopulation": 404,
		"HispanicCitizen": 280,
		"HispanicRegistered": 160,
		"HispanicVoted": 148,
		"PercentHispanicPopulation": 0.08224755700325732,
		"PercentHispanicRegistered": 0.048499545316762656,
		"PercentHispanicVoted": 0.048161405792385294
	},
	{
		"Year": 2008,
		"State": "WEST VIRGINIA",
		"TotalPopulation": 1395,
		"TotalCitizen": 1387,
		"TotalRegistered": 917,
		"TotalVoted": 741,
		"HispanicPopulation": 9,
		"HispanicCitizen": 6,
		"HispanicRegistered": 5,
		"HispanicVoted": 5,
		"PercentHispanicPopulation": 0.0064516129032258064,
		"PercentHispanicRegistered": 0.0054525627044711015,
		"PercentHispanicVoted": 0.006747638326585695
	},
	{
		"Year": 2008,
		"State": "WISCONSIN",
		"TotalPopulation": 4212,
		"TotalCitizen": 4053,
		"TotalRegistered": 3095,
		"TotalVoted": 2887,
		"HispanicPopulation": 247,
		"HispanicCitizen": 150,
		"HispanicRegistered": 77,
		"HispanicVoted": 66,
		"PercentHispanicPopulation": 0.05864197530864197,
		"PercentHispanicRegistered": 0.024878836833602584,
		"PercentHispanicVoted": 0.0228611014894354
	},
	{
		"Year": 2008,
		"State": "WYOMING",
		"TotalPopulation": 397,
		"TotalCitizen": 389,
		"TotalRegistered": 270,
		"TotalVoted": 250,
		"HispanicPopulation": 18,
		"HispanicCitizen": 15,
		"HispanicRegistered": 8,
		"HispanicVoted": 7,
		"PercentHispanicPopulation": 0.04534005037783375,
		"PercentHispanicRegistered": 0.02962962962962963,
		"PercentHispanicVoted": 0.028
	},
	{
		"Year": 2006,
		"State": "ALABAMA",
		"TotalPopulation": 3447,
		"TotalCitizen": 3353,
		"TotalRegistered": 2480,
		"TotalVoted": 1667,
		"HispanicPopulation": 69,
		"HispanicCitizen": 16,
		"HispanicRegistered": 13,
		"HispanicVoted": 13,
		"PercentHispanicPopulation": 0.020017406440382943,
		"PercentHispanicRegistered": 0.005241935483870968,
		"PercentHispanicVoted": 0.007798440311937612
	},
	{
		"Year": 2006,
		"State": "ALASKA",
		"TotalPopulation": 469,
		"TotalCitizen": 452,
		"TotalRegistered": 333,
		"TotalVoted": 248,
		"HispanicPopulation": 14,
		"HispanicCitizen": 10,
		"HispanicRegistered": 7,
		"HispanicVoted": 5,
		"PercentHispanicPopulation": 0.029850746268656716,
		"PercentHispanicRegistered": 0.021021021021021023,
		"PercentHispanicVoted": 0.020161290322580645
	},
	{
		"Year": 2006,
		"State": "ARIZONA",
		"TotalPopulation": 4418,
		"TotalCitizen": 3828,
		"TotalRegistered": 2378,
		"TotalVoted": 1777,
		"HispanicPopulation": 1243,
		"HispanicCitizen": 747,
		"HispanicRegistered": 400,
		"HispanicVoted": 272,
		"PercentHispanicPopulation": 0.28134902670891804,
		"PercentHispanicRegistered": 0.16820857863751051,
		"PercentHispanicVoted": 0.1530669667979741
	},
	{
		"Year": 2006,
		"State": "ARKANSAS",
		"TotalPopulation": 2076,
		"TotalCitizen": 2004,
		"TotalRegistered": 1316,
		"TotalVoted": 911,
		"HispanicPopulation": 106,
		"HispanicCitizen": 51,
		"HispanicRegistered": 15,
		"HispanicVoted": 10,
		"PercentHispanicPopulation": 0.051059730250481696,
		"PercentHispanicRegistered": 0.011398176291793313,
		"PercentHispanicVoted": 0.010976948408342482
	},
	{
		"Year": 2006,
		"State": "CALIFORNIA",
		"TotalPopulation": 26318,
		"TotalCitizen": 21250,
		"TotalRegistered": 13239,
		"TotalVoted": 10104,
		"HispanicPopulation": 8180,
		"HispanicCitizen": 4676,
		"HispanicRegistered": 2481,
		"HispanicVoted": 1717,
		"PercentHispanicPopulation": 0.3108138916331028,
		"PercentHispanicRegistered": 0.1874008610922275,
		"PercentHispanicVoted": 0.16993269992082344
	},
	{
		"Year": 2006,
		"State": "COLORADO",
		"TotalPopulation": 3464,
		"TotalCitizen": 3187,
		"TotalRegistered": 2275,
		"TotalVoted": 1730,
		"HispanicPopulation": 563,
		"HispanicCitizen": 396,
		"HispanicRegistered": 228,
		"HispanicVoted": 158,
		"PercentHispanicPopulation": 0.16252886836027713,
		"PercentHispanicRegistered": 0.10021978021978022,
		"PercentHispanicVoted": 0.09132947976878612
	},
	{
		"Year": 2006,
		"State": "CONNECTICUT",
		"TotalPopulation": 2640,
		"TotalCitizen": 2454,
		"TotalRegistered": 1650,
		"TotalVoted": 1220,
		"HispanicPopulation": 258,
		"HispanicCitizen": 192,
		"HispanicRegistered": 90,
		"HispanicVoted": 49,
		"PercentHispanicPopulation": 0.09772727272727273,
		"PercentHispanicRegistered": 0.05454545454545454,
		"PercentHispanicVoted": 0.04016393442622951
	},
	{
		"Year": 2006,
		"State": "DELAWARE",
		"TotalPopulation": 647,
		"TotalCitizen": 603,
		"TotalRegistered": 408,
		"TotalVoted": 275,
		"HispanicPopulation": 43,
		"HispanicCitizen": 22,
		"HispanicRegistered": 8,
		"HispanicVoted": 4,
		"PercentHispanicPopulation": 0.06646058732612056,
		"PercentHispanicRegistered": 0.0196078431372549,
		"PercentHispanicVoted": 0.014545454545454545
	},
	{
		"Year": 2006,
		"State": "DISTRICT OF COLUMBIA",
		"TotalPopulation": 419,
		"TotalCitizen": 374,
		"TotalRegistered": 275,
		"TotalVoted": 187,
		"HispanicPopulation": 36,
		"HispanicCitizen": 10,
		"HispanicRegistered": 7,
		"HispanicVoted": 4,
		"PercentHispanicPopulation": 0.08591885441527446,
		"PercentHispanicRegistered": 0.025454545454545455,
		"PercentHispanicVoted": 0.0213903743315508
	},
	{
		"Year": 2006,
		"State": "FLORIDA",
		"TotalPopulation": 13929,
		"TotalCitizen": 12098,
		"TotalRegistered": 7855,
		"TotalVoted": 5343,
		"HispanicPopulation": 2862,
		"HispanicCitizen": 1635,
		"HispanicRegistered": 921,
		"HispanicVoted": 514,
		"PercentHispanicPopulation": 0.20547060090458755,
		"PercentHispanicRegistered": 0.11725015913430936,
		"PercentHispanicVoted": 0.09620063634662175
	},
	{
		"Year": 2006,
		"State": "GEORGIA",
		"TotalPopulation": 6630,
		"TotalCitizen": 6086,
		"TotalRegistered": 3950,
		"TotalVoted": 2672,
		"HispanicPopulation": 528,
		"HispanicCitizen": 176,
		"HispanicRegistered": 57,
		"HispanicVoted": 37,
		"PercentHispanicPopulation": 0.07963800904977375,
		"PercentHispanicRegistered": 0.014430379746835443,
		"PercentHispanicVoted": 0.013847305389221557
	},
	{
		"Year": 2006,
		"State": "HAWAII",
		"TotalPopulation": 967,
		"TotalCitizen": 893,
		"TotalRegistered": 492,
		"TotalVoted": 388,
		"HispanicPopulation": 52,
		"HispanicCitizen": 48,
		"HispanicRegistered": 25,
		"HispanicVoted": 22,
		"PercentHispanicPopulation": 0.05377456049638056,
		"PercentHispanicRegistered": 0.0508130081300813,
		"PercentHispanicVoted": 0.05670103092783505
	},
	{
		"Year": 2006,
		"State": "IDAHO",
		"TotalPopulation": 1064,
		"TotalCitizen": 1007,
		"TotalRegistered": 660,
		"TotalVoted": 523,
		"HispanicPopulation": 91,
		"HispanicCitizen": 52,
		"HispanicRegistered": 16,
		"HispanicVoted": 9,
		"PercentHispanicPopulation": 0.08552631578947369,
		"PercentHispanicRegistered": 0.024242424242424242,
		"PercentHispanicVoted": 0.017208413001912046
	},
	{
		"Year": 2006,
		"State": "ILLINOIS",
		"TotalPopulation": 9392,
		"TotalCitizen": 8383,
		"TotalRegistered": 5779,
		"TotalVoted": 3968,
		"HispanicPopulation": 1086,
		"HispanicCitizen": 594,
		"HispanicRegistered": 316,
		"HispanicVoted": 185,
		"PercentHispanicPopulation": 0.11563032367972743,
		"PercentHispanicRegistered": 0.05468074061256273,
		"PercentHispanicVoted": 0.04662298387096774
	},
	{
		"Year": 2006,
		"State": "INDIANA",
		"TotalPopulation": 4629,
		"TotalCitizen": 4506,
		"TotalRegistered": 2946,
		"TotalVoted": 2053,
		"HispanicPopulation": 211,
		"HispanicCitizen": 124,
		"HispanicRegistered": 59,
		"HispanicVoted": 24,
		"PercentHispanicPopulation": 0.04558219917908836,
		"PercentHispanicRegistered": 0.02002715546503734,
		"PercentHispanicVoted": 0.011690209449585971
	},
	{
		"Year": 2006,
		"State": "IOWA",
		"TotalPopulation": 2252,
		"TotalCitizen": 2162,
		"TotalRegistered": 1663,
		"TotalVoted": 1180,
		"HispanicPopulation": 70,
		"HispanicCitizen": 35,
		"HispanicRegistered": 16,
		"HispanicVoted": 4,
		"PercentHispanicPopulation": 0.03108348134991119,
		"PercentHispanicRegistered": 0.009621166566446182,
		"PercentHispanicVoted": 0.003389830508474576
	},
	{
		"Year": 2006,
		"State": "KANSAS",
		"TotalPopulation": 2035,
		"TotalCitizen": 1938,
		"TotalRegistered": 1274,
		"TotalVoted": 901,
		"HispanicPopulation": 119,
		"HispanicCitizen": 76,
		"HispanicRegistered": 32,
		"HispanicVoted": 19,
		"PercentHispanicPopulation": 0.05847665847665848,
		"PercentHispanicRegistered": 0.02511773940345369,
		"PercentHispanicVoted": 0.021087680355160933
	},
	{
		"Year": 2006,
		"State": "KENTUCKY",
		"TotalPopulation": 3142,
		"TotalCitizen": 3052,
		"TotalRegistered": 2240,
		"TotalVoted": 1508,
		"HispanicPopulation": 45,
		"HispanicCitizen": 23,
		"HispanicRegistered": 14,
		"HispanicVoted": 11,
		"PercentHispanicPopulation": 0.014322087842138766,
		"PercentHispanicRegistered": 0.00625,
		"PercentHispanicVoted": 0.007294429708222812
	},
	{
		"Year": 2006,
		"State": "LOUISIANA",
		"TotalPopulation": 3071,
		"TotalCitizen": 3006,
		"TotalRegistered": 2179,
		"TotalVoted": 1201,
		"HispanicPopulation": 92,
		"HispanicCitizen": 59,
		"HispanicRegistered": 33,
		"HispanicVoted": 31,
		"PercentHispanicPopulation": 0.029957668511885378,
		"PercentHispanicRegistered": 0.015144561725562184,
		"PercentHispanicVoted": 0.025811823480432972
	},
	{
		"Year": 2006,
		"State": "MAINE",
		"TotalPopulation": 1034,
		"TotalCitizen": 1023,
		"TotalRegistered": 811,
		"TotalVoted": 595,
		"HispanicPopulation": 3,
		"HispanicCitizen": 2,
		"HispanicRegistered": 1,
		"HispanicVoted": 0,
		"PercentHispanicPopulation": 0.0029013539651837525,
		"PercentHispanicRegistered": 0.0012330456226880395,
		"PercentHispanicVoted": 0
	},
	{
		"Year": 2006,
		"State": "MARYLAND",
		"TotalPopulation": 4175,
		"TotalCitizen": 3806,
		"TotalRegistered": 2720,
		"TotalVoted": 2145,
		"HispanicPopulation": 317,
		"HispanicCitizen": 145,
		"HispanicRegistered": 83,
		"HispanicVoted": 71,
		"PercentHispanicPopulation": 0.07592814371257485,
		"PercentHispanicRegistered": 0.03051470588235294,
		"PercentHispanicVoted": 0.0331002331002331
	},
	{
		"Year": 2006,
		"State": "MASSACHUSETTS",
		"TotalPopulation": 4864,
		"TotalCitizen": 4395,
		"TotalRegistered": 3180,
		"TotalVoted": 2434,
		"HispanicPopulation": 265,
		"HispanicCitizen": 179,
		"HispanicRegistered": 84,
		"HispanicVoted": 61,
		"PercentHispanicPopulation": 0.05448190789473684,
		"PercentHispanicRegistered": 0.026415094339622643,
		"PercentHispanicVoted": 0.02506162695152013
	},
	{
		"Year": 2006,
		"State": "MICHIGAN",
		"TotalPopulation": 7458,
		"TotalCitizen": 7163,
		"TotalRegistered": 5256,
		"TotalVoted": 4088,
		"HispanicPopulation": 287,
		"HispanicCitizen": 208,
		"HispanicRegistered": 137,
		"HispanicVoted": 99,
		"PercentHispanicPopulation": 0.038482166800750874,
		"PercentHispanicRegistered": 0.02606544901065449,
		"PercentHispanicVoted": 0.024217221135029353
	},
	{
		"Year": 2006,
		"State": "MINNESOTA",
		"TotalPopulation": 3855,
		"TotalCitizen": 3632,
		"TotalRegistered": 2862,
		"TotalVoted": 2375,
		"HispanicPopulation": 153,
		"HispanicCitizen": 48,
		"HispanicRegistered": 22,
		"HispanicVoted": 20,
		"PercentHispanicPopulation": 0.03968871595330739,
		"PercentHispanicRegistered": 0.007686932215234102,
		"PercentHispanicVoted": 0.008421052631578947
	},
	{
		"Year": 2006,
		"State": "MISSISSIPPI",
		"TotalPopulation": 2083,
		"TotalCitizen": 2054,
		"TotalRegistered": 1437,
		"TotalVoted": 879,
		"HispanicPopulation": 39,
		"HispanicCitizen": 15,
		"HispanicRegistered": 0,
		"HispanicVoted": 0,
		"PercentHispanicPopulation": 0.01872299567930869,
		"PercentHispanicRegistered": 0,
		"PercentHispanicVoted": 0
	},
	{
		"Year": 2006,
		"State": "MISSOURI",
		"TotalPopulation": 4388,
		"TotalCitizen": 4276,
		"TotalRegistered": 3170,
		"TotalVoted": 2310,
		"HispanicPopulation": 135,
		"HispanicCitizen": 90,
		"HispanicRegistered": 58,
		"HispanicVoted": 46,
		"PercentHispanicPopulation": 0.030765724703737465,
		"PercentHispanicRegistered": 0.01829652996845426,
		"PercentHispanicVoted": 0.019913419913419914
	},
	{
		"Year": 2006,
		"State": "MONTANA",
		"TotalPopulation": 735,
		"TotalCitizen": 729,
		"TotalRegistered": 512,
		"TotalVoted": 435,
		"HispanicPopulation": 12,
		"HispanicCitizen": 11,
		"HispanicRegistered": 3,
		"HispanicVoted": 2,
		"PercentHispanicPopulation": 0.0163265306122449,
		"PercentHispanicRegistered": 0.005859375,
		"PercentHispanicVoted": 0.004597701149425287
	},
	{
		"Year": 2006,
		"State": "NEBRASKA",
		"TotalPopulation": 1298,
		"TotalCitizen": 1239,
		"TotalRegistered": 852,
		"TotalVoted": 634,
		"HispanicPopulation": 76,
		"HispanicCitizen": 42,
		"HispanicRegistered": 19,
		"HispanicVoted": 13,
		"PercentHispanicPopulation": 0.05855161787365177,
		"PercentHispanicRegistered": 0.022300469483568074,
		"PercentHispanicVoted": 0.02050473186119874
	},
	{
		"Year": 2006,
		"State": "NEVADA",
		"TotalPopulation": 1839,
		"TotalCitizen": 1610,
		"TotalRegistered": 905,
		"TotalVoted": 686,
		"HispanicPopulation": 375,
		"HispanicCitizen": 199,
		"HispanicRegistered": 92,
		"HispanicVoted": 50,
		"PercentHispanicPopulation": 0.2039151712887439,
		"PercentHispanicRegistered": 0.10165745856353592,
		"PercentHispanicVoted": 0.0728862973760933
	},
	{
		"Year": 2006,
		"State": "NEW HAMPSHIRE",
		"TotalPopulation": 1015,
		"TotalCitizen": 985,
		"TotalRegistered": 687,
		"TotalVoted": 477,
		"HispanicPopulation": 15,
		"HispanicCitizen": 13,
		"HispanicRegistered": 6,
		"HispanicVoted": 2,
		"PercentHispanicPopulation": 0.014778325123152709,
		"PercentHispanicRegistered": 0.008733624454148471,
		"PercentHispanicVoted": 0.0041928721174004195
	},
	{
		"Year": 2006,
		"State": "NEW JERSEY",
		"TotalPopulation": 6488,
		"TotalCitizen": 5563,
		"TotalRegistered": 3487,
		"TotalVoted": 2406,
		"HispanicPopulation": 960,
		"HispanicCitizen": 507,
		"HispanicRegistered": 258,
		"HispanicVoted": 165,
		"PercentHispanicPopulation": 0.14796547472256474,
		"PercentHispanicRegistered": 0.07398910238026957,
		"PercentHispanicVoted": 0.0685785536159601
	},
	{
		"Year": 2006,
		"State": "NEW MEXICO",
		"TotalPopulation": 1436,
		"TotalCitizen": 1346,
		"TotalRegistered": 951,
		"TotalVoted": 731,
		"HispanicPopulation": 519,
		"HispanicCitizen": 450,
		"HispanicRegistered": 289,
		"HispanicVoted": 233,
		"PercentHispanicPopulation": 0.36142061281337046,
		"PercentHispanicRegistered": 0.3038906414300736,
		"PercentHispanicVoted": 0.31874145006839943
	},
	{
		"Year": 2006,
		"State": "NEW YORK",
		"TotalPopulation": 14376,
		"TotalCitizen": 12701,
		"TotalRegistered": 8143,
		"TotalVoted": 5402,
		"HispanicPopulation": 2054,
		"HispanicCitizen": 1392,
		"HispanicRegistered": 682,
		"HispanicVoted": 390,
		"PercentHispanicPopulation": 0.14287701725097385,
		"PercentHispanicRegistered": 0.08375291661549797,
		"PercentHispanicVoted": 0.07219548315438726
	},
	{
		"Year": 2006,
		"State": "NORTH CAROLINA",
		"TotalPopulation": 6490,
		"TotalCitizen": 6013,
		"TotalRegistered": 4160,
		"TotalVoted": 2422,
		"HispanicPopulation": 418,
		"HispanicCitizen": 67,
		"HispanicRegistered": 32,
		"HispanicVoted": 9,
		"PercentHispanicPopulation": 0.06440677966101695,
		"PercentHispanicRegistered": 0.007692307692307693,
		"PercentHispanicVoted": 0.0037159372419488025
	},
	{
		"Year": 2006,
		"State": "NORTH DAKOTA",
		"TotalPopulation": 484,
		"TotalCitizen": 475,
		"TotalRegistered": 397,
		"TotalVoted": 259,
		"HispanicPopulation": 6,
		"HispanicCitizen": 4,
		"HispanicRegistered": 3,
		"HispanicVoted": 1,
		"PercentHispanicPopulation": 0.012396694214876033,
		"PercentHispanicRegistered": 0.007556675062972292,
		"PercentHispanicVoted": 0.003861003861003861
	},
	{
		"Year": 2006,
		"State": "OHIO",
		"TotalPopulation": 8508,
		"TotalCitizen": 8319,
		"TotalRegistered": 5919,
		"TotalVoted": 4408,
		"HispanicPopulation": 216,
		"HispanicCitizen": 171,
		"HispanicRegistered": 112,
		"HispanicVoted": 58,
		"PercentHispanicPopulation": 0.02538787023977433,
		"PercentHispanicRegistered": 0.018922115222165907,
		"PercentHispanicVoted": 0.013157894736842105
	},
	{
		"Year": 2006,
		"State": "OKLAHOMA",
		"TotalPopulation": 2616,
		"TotalCitizen": 2539,
		"TotalRegistered": 1776,
		"TotalVoted": 1174,
		"HispanicPopulation": 117,
		"HispanicCitizen": 69,
		"HispanicRegistered": 37,
		"HispanicVoted": 17,
		"PercentHispanicPopulation": 0.04472477064220184,
		"PercentHispanicRegistered": 0.020833333333333332,
		"PercentHispanicVoted": 0.014480408858603067
	},
	{
		"Year": 2006,
		"State": "OREGON",
		"TotalPopulation": 2802,
		"TotalCitizen": 2680,
		"TotalRegistered": 1924,
		"TotalVoted": 1601,
		"HispanicPopulation": 169,
		"HispanicCitizen": 98,
		"HispanicRegistered": 57,
		"HispanicVoted": 42,
		"PercentHispanicPopulation": 0.0603140613847252,
		"PercentHispanicRegistered": 0.029625779625779627,
		"PercentHispanicVoted": 0.02623360399750156
	},
	{
		"Year": 2006,
		"State": "PENNSYLVANIA",
		"TotalPopulation": 9436,
		"TotalCitizen": 9234,
		"TotalRegistered": 5991,
		"TotalVoted": 4394,
		"HispanicPopulation": 312,
		"HispanicCitizen": 274,
		"HispanicRegistered": 119,
		"HispanicVoted": 77,
		"PercentHispanicPopulation": 0.03306485799067401,
		"PercentHispanicRegistered": 0.01986312802537139,
		"PercentHispanicVoted": 0.017523896222121076
	},
	{
		"Year": 2006,
		"State": "RHODE ISLAND",
		"TotalPopulation": 806,
		"TotalCitizen": 733,
		"TotalRegistered": 536,
		"TotalVoted": 431,
		"HispanicPopulation": 76,
		"HispanicCitizen": 43,
		"HispanicRegistered": 25,
		"HispanicVoted": 19,
		"PercentHispanicPopulation": 0.09429280397022333,
		"PercentHispanicRegistered": 0.04664179104477612,
		"PercentHispanicVoted": 0.04408352668213457
	},
	{
		"Year": 2006,
		"State": "SOUTH CAROLINA",
		"TotalPopulation": 3197,
		"TotalCitizen": 3043,
		"TotalRegistered": 1986,
		"TotalVoted": 1376,
		"HispanicPopulation": 151,
		"HispanicCitizen": 35,
		"HispanicRegistered": 9,
		"HispanicVoted": 7,
		"PercentHispanicPopulation": 0.04723177979355646,
		"PercentHispanicRegistered": 0.004531722054380665,
		"PercentHispanicVoted": 0.005087209302325582
	},
	{
		"Year": 2006,
		"State": "SOUTH DAKOTA",
		"TotalPopulation": 577,
		"TotalCitizen": 569,
		"TotalRegistered": 445,
		"TotalVoted": 358,
		"HispanicPopulation": 11,
		"HispanicCitizen": 9,
		"HispanicRegistered": 5,
		"HispanicVoted": 4,
		"PercentHispanicPopulation": 0.019064124783362217,
		"PercentHispanicRegistered": 0.011235955056179775,
		"PercentHispanicVoted": 0.0111731843575419
	},
	{
		"Year": 2006,
		"State": "TENNESSEE",
		"TotalPopulation": 4571,
		"TotalCitizen": 4414,
		"TotalRegistered": 2828,
		"TotalVoted": 2003,
		"HispanicPopulation": 163,
		"HispanicCitizen": 39,
		"HispanicRegistered": 12,
		"HispanicVoted": 6,
		"PercentHispanicPopulation": 0.03565959308685189,
		"PercentHispanicRegistered": 0.004243281471004243,
		"PercentHispanicVoted": 0.0029955067398901645
	},
	{
		"Year": 2006,
		"State": "TEXAS",
		"TotalPopulation": 16512,
		"TotalCitizen": 14406,
		"TotalRegistered": 9676,
		"TotalVoted": 5526,
		"HispanicPopulation": 5407,
		"HispanicCitizen": 3719,
		"HispanicRegistered": 2160,
		"HispanicVoted": 945,
		"PercentHispanicPopulation": 0.32745881782945735,
		"PercentHispanicRegistered": 0.2232327408019843,
		"PercentHispanicVoted": 0.17100977198697068
	},
	{
		"Year": 2006,
		"State": "UTAH",
		"TotalPopulation": 1753,
		"TotalCitizen": 1641,
		"TotalRegistered": 932,
		"TotalVoted": 603,
		"HispanicPopulation": 168,
		"HispanicCitizen": 91,
		"HispanicRegistered": 36,
		"HispanicVoted": 27,
		"PercentHispanicPopulation": 0.09583571021106674,
		"PercentHispanicRegistered": 0.03862660944206009,
		"PercentHispanicVoted": 0.04477611940298507
	},
	{
		"Year": 2006,
		"State": "VERMONT",
		"TotalPopulation": 491,
		"TotalCitizen": 479,
		"TotalRegistered": 345,
		"TotalVoted": 273,
		"HispanicPopulation": 5,
		"HispanicCitizen": 3,
		"HispanicRegistered": 2,
		"HispanicVoted": 2,
		"PercentHispanicPopulation": 0.010183299389002037,
		"PercentHispanicRegistered": 0.005797101449275362,
		"PercentHispanicVoted": 0.007326007326007326
	},
	{
		"Year": 2006,
		"State": "VIRGINIA",
		"TotalPopulation": 5578,
		"TotalCitizen": 5123,
		"TotalRegistered": 3402,
		"TotalVoted": 2431,
		"HispanicPopulation": 349,
		"HispanicCitizen": 102,
		"HispanicRegistered": 51,
		"HispanicVoted": 33,
		"PercentHispanicPopulation": 0.06256722839727501,
		"PercentHispanicRegistered": 0.014991181657848324,
		"PercentHispanicVoted": 0.013574660633484163
	},
	{
		"Year": 2006,
		"State": "WASHINGTON",
		"TotalPopulation": 4745,
		"TotalCitizen": 4405,
		"TotalRegistered": 3090,
		"TotalVoted": 2346,
		"HispanicPopulation": 295,
		"HispanicCitizen": 198,
		"HispanicRegistered": 97,
		"HispanicVoted": 63,
		"PercentHispanicPopulation": 0.06217070600632244,
		"PercentHispanicRegistered": 0.0313915857605178,
		"PercentHispanicVoted": 0.026854219948849106
	},
	{
		"Year": 2006,
		"State": "WEST VIRGINIA",
		"TotalPopulation": 1394,
		"TotalCitizen": 1389,
		"TotalRegistered": 873,
		"TotalVoted": 513,
		"HispanicPopulation": 3,
		"HispanicCitizen": 2,
		"HispanicRegistered": 2,
		"HispanicVoted": 0,
		"PercentHispanicPopulation": 0.002152080344332855,
		"PercentHispanicRegistered": 0.002290950744558992,
		"PercentHispanicVoted": 0
	},
	{
		"Year": 2006,
		"State": "WISCONSIN",
		"TotalPopulation": 4202,
		"TotalCitizen": 4071,
		"TotalRegistered": 2948,
		"TotalVoted": 2352,
		"HispanicPopulation": 173,
		"HispanicCitizen": 120,
		"HispanicRegistered": 58,
		"HispanicVoted": 36,
		"PercentHispanicPopulation": 0.04117087101380295,
		"PercentHispanicRegistered": 0.01967435549525102,
		"PercentHispanicVoted": 0.015306122448979591
	},
	{
		"Year": 2006,
		"State": "WYOMING",
		"TotalPopulation": 388,
		"TotalCitizen": 383,
		"TotalRegistered": 253,
		"TotalVoted": 199,
		"HispanicPopulation": 30,
		"HispanicCitizen": 27,
		"HispanicRegistered": 13,
		"HispanicVoted": 9,
		"PercentHispanicPopulation": 0.07731958762886598,
		"PercentHispanicRegistered": 0.05138339920948617,
		"PercentHispanicVoted": 0.04522613065326633
	}
]